วันที่,ประเภท,หมวดหมู่,จำนวนเงิน,บัญชี,รายละเอียด,บัญชีปลายทาง
"2026-10-09","รายจ่าย","ค่าอาหาร","44.00","เป๋าตัง","เกี๋ยวหมู 55",""
"2026-10-09","รายจ่าย","ค่าอาหาร","12.00","เป๋าตัง","ขนมวุ้น 30",""
"2026-10-09","รายจ่าย","ค่าอาหาร","44.00","เป๋าตัง","บะหมี่ 110",""
"2026-10-09","รายจ่าย","ค่าอาหาร","46.00","เป๋าตัง","ปลาดุกฟู 115",""
"2026-10-08","รายจ่าย","ค่าอาหาร","24.00","เป๋าตัง","ข้าวเช้า 60",""
"2026-10-08","บิล","ค่าไฟ","26.34","กรุงไทย","ค่าไฟ บ้าน 46/318",""
"2026-10-08","บิล","ค่าไฟ","426.24","กรุงไทย","ค่าไฟคอนโด",""
"2026-10-08","รายจ่าย","ค่าอาหาร","76.00","กรุงไทย","ก๋วยเตี๋ยวต้มยำ",""
"2026-10-08","รายจ่าย","ค่าอาหาร","37.00","กรุงไทย","น้ำใบเตย",""
"2026-10-08","รายจ่าย","ค่าอาหาร","10.00","กรุงไทย","น้ำเปล่า",""
"2026-10-08","รายจ่าย","รายจ่ายอื่นๆ","400.00","กรุงไทย","ดอกไม้รับปริญญา",""
"2026-10-07","รายจ่าย","ค่าอาหาร","24.00","เป๋าตัง","ข้าวเช้า 60",""
"2026-10-07","รายจ่าย","ค่าอาหาร","49.60","เป๋าตัง","ก๋วยเตียวบก 124",""
"2026-10-07","โอนระหว่างบัญชี","โอนเงิน","500.00","กรุงไทย","","เป๋าตัง"
"2026-10-07","รายจ่าย","ค่าอาหาร","60.00","กรุงไทย","สลัด",""
"2026-10-07","รายจ่าย","ค่าอาหาร","40.00","กรุงไทย","น้ำพริกมะขาม",""
"2026-10-07","รายจ่าย","ค่าอาหาร","254.00","Truemoney","bellinee",""
"2026-10-06","รายจ่าย","ให้/พ่อ/แม่/ลูก","3000.00","กรุงไทย","ให้ลูก",""
"2026-10-06","รายจ่าย","ค่าทางด่วน","30.00","กรุงไทย","M-FLOW",""
"2026-10-06","รายจ่าย","ค่ารักษาพยาบาล","400.00","กรุงไทย","ค่าตรวจหมอนรองกระดูก",""
"2026-10-06","รายรับ","ค่าบ้านเช่า","4000.00","ไทยพาณิชย์","บ้านเช่า 16",""
"2026-10-06","รายรับ","เงินปันผล","675.00","กรุงเทพ","TCAP",""
"2026-10-06","รายจ่าย","ค่าอาหาร","20.00","เป๋าตัง","หมูยอ 50",""
"2026-10-06","รายจ่าย","ค่าอาหาร","22.00","เป๋าตัง","ข้าวเช้า 55",""
"2026-10-06","รายจ่าย","ค่าอาหาร","46.00","เป๋าตัง","หมูปิ้ง 115",""
"2026-10-01","รายจ่าย","รายจ่ายอื่นๆ","300.00","เป๋าตัง","หวย N3",""
"2026-10-01","รายจ่าย","รายจ่ายอื่นๆ","175.00","เป๋าตัง","หวย N6",""
"2026-10-01","รายจ่าย","รายจ่ายอื่นๆ","65.00","กรุงไทย","หวย N6",""
"2026-10-01","รายจ่าย","ให้/พ่อ/แม่/ลูก","1000.00","กรุงไทย","ให้ลูก",""
"2026-10-01","รายจ่าย","รายจ่ายอื่นๆ","140.00","กรุงไทย","ตัดผม",""
"2026-10-01","รายจ่าย","ค่าอาหาร","75.60","เป๋าตัง","189",""
"2026-10-01","รายจ่าย","ค่าอาหาร","18.00","เป๋าตัง","45",""
"2026-10-01","รายรับ","ค่าคอมมิชชั่น","17982.00","ไทยพาณิชย์","",""
"2026-10-01","เงินออมและลงทุน","INOVESTX ROBO","3000.00","ไทยพาณิชย์","ROBO",""
"2026-10-02","โอนระหว่างบัญชี","โอนเงิน","500.00","กรุงไทย","","เป๋าตัง"
"2026-10-02","รายจ่าย","ค่าอาหาร","50.00","กรุงไทย","เย็นตาโฟ",""
"2026-10-02","รายจ่าย","ค่าอาหาร","80.00","กรุงไทย","ลูกชิ้นปลา",""
"2026-10-02","รายจ่าย","ค่าอาหาร","20.00","เป๋าตัง","ข้าวเช้า 50",""
"2026-10-02","รายจ่าย","ค่าอาหาร","46.00","เป๋าตัง","หมูปิ้ง 115",""
"2026-10-03","รายจ่าย","ค่าอาหาร","55.00","กรุงไทย","ข้าวหมูแดง",""
"2026-10-03","รายจ่าย","ค่ารักษาพยาบาล","665.00","กรุงไทย","วัคซีน พ่อ",""
"2026-10-03","รายจ่าย","ค่ารักษาพยาบาล","1451.50","กรุงไทย","วัคซีน ยุ้ย",""
"2026-10-03","รายจ่าย","ค่าอาหาร","68.00","เป๋าตัง","ส้มโอ 170",""
"2026-10-03","รายจ่าย","ค่าอาหาร","26.00","เป๋าตัง","ข้าวไก่แซ่บ 65",""
"2026-10-03","รายจ่าย","ค่ารักษาพยาบาล","3205.00","บัตรเครดิตกรุงศรี","ค่ายาลูก",""
"2026-10-04","รายจ่าย","ให้/พ่อ/แม่/ลูก","500.00","กรุงไทย","ให้ลูก",""
"2026-10-04","รายจ่าย","ค่าอาหาร","30.00","กรุงไทย","ข้าวเปล่า",""
"2026-10-04","รายจ่าย","รายจ่ายอื่นๆ","100.00","กรุงไทย","ซ่อมรองเท้าลูก",""
"2026-10-05","รายจ่าย","ค่าอาหาร","22.00","เป๋าตัง","ข้าวเช้า 55",""
"2026-10-05","รายจ่าย","ค่าอาหาร","42.00","เป๋าตัง","ขนมปัง",""
"2026-10-05","รายรับ","ค่าบ้านเช่า","4000.00","ไทยพาณิชย์","บ้านเช่า 16",""
"2026-10-05","รายจ่าย","ค่าอาหาร","90.00","กรุงไทย","กับข้าวเย็น",""
"2026-10-05","รายจ่าย","ค่าอาหาร","50.00","กรุงไทย","เล้ง",""
"2026-10-05","รายจ่าย","ของใช้ในบ้าน/ส่วนตัว","10.00","เป๋าตัง","กระดาษรองหม้ออบ 25",""
"2026-10-05","รายจ่าย","ค่าอาหาร","14.00","เป๋าตัง","ข้าวเหนียว 35",""
"2026-10-05","บิล","จ่ายบัตรเครดิต","14320.86","กรุงไทย","จ่ายบัตรเครดิตกรุงศรี","บัตรเครดิตกรุงศรี"
"2026-10-05","รายจ่าย","ค่าอาหาร","65.00","กรุงไทย","",""
