วันที่,ประเภท,หมวดหมู่ย่อย,จำนวนเงิน,บัญชี,รายละเอียด,บัญชีปลายทาง
26/12/2025,รายรับ,เงินเดือน,"100,320.00",กรุงไทย,เงินเดือน,
26/12/2025,รายรับ,เงินคืน NT,"10,700.00",กรุงไทย,รับการศึกษาบุตร,
26/12/2025,รายจ่าย,ภาษี,"9,444.40",กรุงไทย,ภาษี,
26/12/2025,เงินออมและลงทุน,ออมทรัพย์ สอท,"10,000.00",กรุงไทย,ออมทรัพย์ สอท,ออมทรัพย์ สอท
26/12/2025,เงินออมและลงทุน,กองทุนสำรองเลี้ยงชีพ,"15,048.00",กรุงไทย,กองทุน PVD,
26/12/2025,รายจ่าย,ค่าฌาปณกิจ,160.00,กรุงไทย,ฌสศ,
26/12/2025,เงินออมและลงทุน,ทุนเรือนหุ้น สอท,"8,000.00",กรุงไทย,ทุน สอท,
26/12/2025,รายจ่าย,ให้/พ่อ/แม่/ลูก,"5,000.00",กรุงไทย,ให้ลูก,
26/12/2025,รายจ่าย,ค่าอาหาร,55.00,กรุงไทย,ข้าวเช้า,
26/12/2025,รายจ่าย,ค่าอาหาร,50.00,กรุงไทย,ข้าวเที่ยง,
26/12/2025,รายจ่าย,ค่าอาหาร,165.00,กรุงไทย,หมูฝอย,
26/12/2025,รายรับ,ดอกเบี้ย,100.18,ไทยพาณิชย์,ดอกเบี้ย,
27/12/2025,รายจ่าย,DIME PLOY,"1,000.00",กรุงไทย,Dime Ploy,
27/12/2025,หนี้สิน,ผ่อนคอนโด,"22,000.00",กรุงไทย,ผ่อนคอนโด,
27/12/2025,บิล,ค่าไฟ,26.34,กรุงไทย,ค่าไฟ บ้าน46/318,
27/12/2025,บิล,ค่าไฟ,694.77,กรุงไทย,ค่าไฟคอนโด,
27/12/2025,บิล,ค่าอินเทอร์เน็ต,426.93,กรุงไทย,ค่าเน็ตบ้าน,
27/12/2025,บิล,ค่าโทรศัพท์,240.75,กรุงไทย,ค่าโทรศัพท์พลอย,
27/12/2025,บิล,ค่าโทรศัพท์,107.00,กรุงไทย,ค่าโทรศัพท์บ้าน,
27/12/2025,บิล,จ่ายบัตรเครดิต,"10,755.24",กรุงไทย,บัตรเครดิตกรุงศรี,บัตรเครดิตกรุงศรี
28/12/2025,โอนระหว่างบัญชี,โอนเงิน,"5,000.00",กรุงไทย,,กสิกรไทย
28/12/2025,รายจ่าย,ค่าอาหาร,"1,092.00",กรุงไทย,MK,
29/12/2025,รายจ่าย,ค่าอาหาร,216.00,กรุงไทย,ข้าว,
30/12/2025,รายจ่าย,ค่าน้ำมัน,"1,200.00",บัตรเครดิตกรุงศรี,เติมน้ำมัน,
30/12/2025,รายจ่าย,ค่าอาหาร,150.00,กรุงไทย,ชิฟฟ่อน,
30/12/2025,รายจ่าย,ค่าอาหาร,"1,214.45",กรุงไทย,ตาวีฟาร์ม,
31/12/2025,บิล,สมัครสมาชิก,186.00,Truemoney,Gemini,
31/12/2025,โอนระหว่างบัญชี,โอนเงิน,200.00,กรุงไทย,,Truemoney
31/12/2025,รายจ่าย,ค่าอาหาร,409.00,บัตรเครดิตกรุงศรี,lineman,
01/01/2026,รายรับ,ดอกเบี้ย,"1,224.07",ออมทรัพย์ สอท,ดอกเบี้ย,
01/01/2026,รายรับ,ดอกเบี้ย,22.88,กรุงไทย,ดอกเบี้ย,
01/01/2026,รายจ่าย,ค่าอาหาร,100.00,กรุงไทย,ข้าวเช้า,
01/01/2026,รายจ่าย,ค่าอาหาร,30.00,กรุงไทย,ค่าน้ำดื่ม,
01/01/2026,รายจ่าย,ค่าอาหาร,151.00,บัตรเครดิตกรุงศรี,lineman,
02/01/2026,รายจ่าย,ค่าอาหาร,"2,000.00",กรุงไทย,ค่าหมูกะทะเขายายเที่ยง+after you,
02/01/2026,รายรับ,ค่าบ้านเช่า,"4,000.00",ไทยพาณิชย์,ค่าบ้านเช่า 16,
03/01/2026,รายจ่าย,ค่าอาหาร,364.00,บัตรเครดิตกรุงศรี,เชสเตอร์กริลล์,
04/01/2026,รายจ่าย,ค่าอาหาร,223.20,บัตรเครดิตกรุงศรี,lineman,
04/01/2026,รายจ่าย,ค่าอาหาร,222.00,กรุงไทย,ราดหน้าฉาไพ,
05/01/2026,เงินออมและลงทุน,INOVESTX ROBO,"3,000.00",ไทยพาณิชย์,ลงทุน robot,
05/01/2026,รายจ่าย,ค่าอาหาร,50.00,กรุงไทย,ข้าวเช้า,
05/01/2026,รายจ่าย,ค่าอาหาร,100.00,กรุงไทย,หมูตุ๋น,
05/01/2026,รายจ่าย,ค่าอาหาร,10.00,เงินสด,ข้าวเปล่า,
05/01/2026,รายจ่าย,ค่าอาหาร,20.00,กรุงไทย,แตงโม,
05/01/2026,รายรับ,รายได้อื่นๆ,50.00,เงินสด,จิตคืนเงิน,
05/01/2026,รายจ่าย,ค่าอาหาร,45.00,กรุงไทย,ขนมปัง,
05/01/2026,รายรับ,ค่าบ้านเช่า,"4,000.00",ไทยพาณิชย์,ค่าบ้านเช่า 18,
05/01/2026,เงินออมและลงทุน,K+,"5,000.00",กสิกรไทย,ลงทุน K+,
06/01/2026,รายจ่าย,ค่าอาหาร,55.00,กรุงไทย,ข้าวเช้า,
06/01/2026,บิล,ค่าน้ำ,80.00,กรุงไทย,ค่าน้ำคอนโด,
06/01/2026,รายจ่าย,ค่าอาหาร,95.00,กรุงไทย,ผัดซีอิ๋ว+หมูทอด,
06/01/2026,รายจ่าย,ค่าอาหาร,10.00,เงินสด,ข้าวเปล่า,
06/01/2026,รายจ่าย,ค่าอาหาร,69.00,กรุงไทย,หมูเทอริยากิ,
07/01/2026,รายจ่าย,ค่าอาหาร,50.00,กรุงไทย,ข้าวเช้า,
07/01/2026,รายจ่าย,ค่าอาหาร,45.00,กรุงไทย,ก๋วยเตี๋ยว,
07/01/2026,รายจ่าย,ค่าอาหาร,35.00,กรุงไทย,ชมพู,
07/01/2026,รายจ่าย,ค่าอาหาร,129.00,กรุงไทย,แหนมเนือง+ลูกชุป,
07/01/2026,รายจ่าย,ค่าน้ำมัน,"1,160.00",บัตรเครดิตกรุงศรี,เติมน้ำมัน,
08/01/2026,รายจ่าย,ค่าอาหาร,50.00,กรุงไทย,ข้าวเช้า,
08/01/2026,รายจ่าย,ค่าอาหาร,50.00,กรุงไทย,เกี๋ยวหมู,
08/01/2026,รายจ่าย,ค่าอาหาร,40.00,กรุงไทย,เมี่ยงคำ,
08/01/2026,รายจ่าย,ค่าอาหาร,50.00,กรุงไทย,ก๋วยจั๊บ,
08/01/2026,รายจ่าย,ค่าอาหาร,50.00,กรุงไทย,น้ำชาเย็น,
08/01/2026,รายรับ,รายได้อื่นๆ,8.00,บัตรเครดิตกรุงศรี,ส่วนลดค่าน้ำมัน,
09/01/2026,รายจ่าย,ค่าอาหาร,55.00,กรุงไทย,ข้าวเช้า,
09/01/2026,รายจ่าย,ค่าอาหาร,65.00,กรุงไทย,ยำปลาดุกฟู,
09/01/2026,รายจ่าย,ค่าอาหาร,50.00,กรุงไทย,หมี่,
09/01/2026,รายจ่าย,ค่าอาหาร,50.00,กรุงไทย,ข้าวขาหมู,
09/01/2026,รายจ่าย,ค่าอาหาร,20.00,เงินสด,แตงโม,
10/01/2026,รายจ่าย,ค่าอาหาร,170.00,เงินสด,กับข้าว,
10/01/2026,รายจ่าย,ค่าอาหาร,200.00,กรุงไทย,หมี่ขาวสองชุด,
10/01/2026,รายจ่าย,ค่าอาหาร,30.00,กรุงไทย,ข้าวเปล่า,
10/01/2026,รายจ่าย,ค่าอาหาร,40.00,กรุงไทย,ขนมเบื้อง,
10/01/2026,บิล,ค่าน้ำ,32.10,กรุงไทย,ค่าน้ำ บ้าน46/318,
10/01/2026,บิล,ค่าน้ำ,209.72,กรุงไทย,ค่าน้ำ บ้าน46/316,
11/01/2026,รายจ่าย,ค่าอาหาร,70.00,เงินสด,แกงส้ม,
11/01/2026,รายจ่าย,ค่าอาหาร,120.00,กรุงไทย,ข้าวมันไก่,
11/01/2026,รายจ่าย,ค่าอาหาร,30.00,กรุงไทย,ข้าวเปล่า,
11/01/2026,รายจ่าย,ค่าอาหาร,40.00,กรุงไทย,ปลาดุกย่าง,
11/01/2026,รายจ่าย,ค่าอาหาร,50.00,กรุงไทย,น้ำปลาหวาน,
11/01/2026,รายจ่าย,ค่าอาหาร,40.00,กรุงไทย,ข้าวโพด,
11/01/2026,รายจ่าย,ค่าอาหาร,184.00,บัตรเครดิตกรุงศรี,amazon,
12/01/2026,รายจ่าย,ค่าอาหาร,55.00,กรุงไทย,ข้าวเช้า,
12/01/2026,รายจ่าย,ค่าอาหาร,55.00,กรุงไทย,กะเพราหมู,
12/01/2026,รายจ่าย,ค่าอาหาร,30.00,กรุงไทย,ชมพู,
13/01/2026,รายจ่าย,ค่าอาหาร,50.00,กรุงไทย,ข้าวเช้า,
13/01/2026,รายจ่าย,ค่าอาหาร,43.00,กรุงไทย,ข้าวเที่ยง,
13/01/2026,รายจ่าย,ค่าอาหาร,100.00,กรุงไทย,ขนมสาคู,
13/01/2026,รายจ่าย,ค่าอาหาร,69.00,กรุงไทย,หมูเทอริยากิ,
13/01/2026,รายจ่าย,ค่าอาหาร,60.00,กรุงไทย,แร็ป,
13/01/2026,รายจ่าย,ค่าอาหาร,100.00,กรุงไทย,หมูยอ,
13/01/2026,รายรับ,รายได้อื่นๆ,30.00,เงินสด,จิตคืนเงิน,
13/01/2026,รายจ่าย,ค่าอาหาร,30.00,กรุงไทย,ข้าวเปล่า,
13/01/2026,รายจ่าย,ค่าอาหาร,180.00,กรุงไทย,ค่าล้างรถ,
14/01/2026,รายจ่าย,ค่าอาหาร,50.00,กรุงไทย,ข้าวเช้า,
14/01/2026,รายจ่าย,ค่าอาหาร,45.00,กรุงไทย,ก๋วยเตี๋ยว,
14/01/2026,รายจ่าย,ค่าอาหาร,90.00,กรุงไทย,ขนม,
15/01/2026,รายรับ,เงินคืน NT,490.00,กรุงไทย,รับค่าพยาบาลอุดฟัน,
15/01/2026,รายจ่าย,ค่าอาหาร,50.00,กรุงไทย,ข้าวเช้า,
15/01/2026,รายจ่าย,ค่าอาหาร,95.00,กรุงไทย,กับข้าว,
15/01/2026,รายจ่าย,ค่าอาหาร,120.00,กรุงไทย,ไก่ทอด,
15/01/2026,รายจ่าย,ให้/พ่อ/แม่/ลูก,"2,000.00",กรุงไทย,เอยืม,
15/01/2026,รายจ่าย,รายจ่ายอื่นๆ,160.00,เป่าตัง,หวย N3,
15/01/2026,รายจ่าย,ค่าอาหาร,25.00,กรุงไทย,ไส้กรอกอีสาน,
15/01/2026,รายจ่าย,ค่าอาหาร,35.00,กรุงไทย,น้ำแตงโม,
15/01/2026,รายจ่าย,ค่าอาหาร,30.00,กรุงไทย,ข้าวเปล่า,
15/01/2026,รายจ่าย,ค่าอาหาร,39.00,กรุงไทย,เครป,
15/01/2026,โอนระหว่างบัญชี,โอนเงิน,110.00,กรุงไทย,,เป่าตัง
16/01/2026,รายจ่าย,ค่าอาหาร,50.00,กรุงไทย,ข้าวเช้า,
16/01/2026,รายรับ,รายได้อื่นๆ,"2,000.00",กรุงไทย,คืนเงินยืม,
16/01/2026,รายจ่าย,ค่าอาหาร,45.00,กรุงไทย,เย็นตาโฟ,
16/01/2026,รายจ่าย,ค่าอาหาร,30.00,กรุงไทย,ชมพู,
16/01/2026,รายจ่าย,ค่าอาหาร,100.00,กรุงไทย,ขนมจีนเซาน้ำ,
17/01/2026,รายจ่าย,ค่าอาหาร,174.00,บัตรเครดิตกรุงศรี,lineman,
17/01/2026,รายจ่าย,ค่าอาหาร,280.25,บัตรเครดิตกรุงศรี,lineman ส้มตำ,
17/01/2026,รายรับ,รายได้อื่นๆ,202.79,ออมสิน,ถูกรางวัล,
18/01/2026,รายจ่าย,ค่าอาหาร,234.00,กรุงไทย,lineman น้ำ,
18/01/2026,รายจ่าย,ของใช้ในบ้าน/ส่วนตัว,"1,534.00",บัตรเครดิตกรุงศรี,lotus,
18/01/2026,รายจ่าย,ค่าอาหาร,469.00,กรุงไทย,เชสเตอร์กริลล์,
18/01/2026,รายจ่าย,รายจ่ายอื่นๆ,15.00,กรุงเทพ,ค่าธรรมเนียม,
19/01/2026,รายจ่าย,ค่าอาหาร,50.00,กรุงไทย,ข้าวต้ม,
19/01/2026,รายจ่าย,ค่าอาหาร,25.00,กรุงไทย,ขนมปัง,
19/01/2026,รายจ่าย,ค่าอาหาร,45.00,กรุงไทย,ข้าวต้มมัด,
19/01/2026,รายจ่าย,ค่าอาหาร,50.00,กรุงไทย,หมูตุุ๋น,
19/01/2026,รายจ่าย,ค่าอาหาร,25.00,กรุงไทย,ขนมโค,
19/01/2026,รายจ่าย,ค่าฌาปณกิจ,50.00,กรุงไทย,ศพที่ 1/69,
19/01/2026,รายจ่าย,ค่ารักษาพยาบาล,"5,587.50",กรุงไทย,ค่ายา ทางเดินอาหาร,
20/01/2026,รายจ่าย,ค่าอาหาร,45.00,กรุงไทย,ผลไม้,
20/01/2026,รายจ่าย,ค่าอาหาร,45.00,กรุงไทย,ข้าวเช้า,
20/01/2026,บิล,จ่ายสินเชื่อ,"16,400.00",ทหารไทย,จ่ายสืนเชื่อ,
20/01/2026,รายจ่าย,ค่าอาหาร,60.00,กรุงไทย,ข้าวหมูแดง,
20/01/2026,รายจ่าย,ค่าอาหาร,69.00,กรุงไทย,ราดหน้าฉาไพ,
20/01/2026,รายจ่าย,ค่าน้ำมัน,"1,190.00",บัตรเครดิตกรุงศรี,เติมน้ำมัน,
20/01/2026,โอนระหว่างบัญชี,โอนเงิน,"16,000.00",ไทยพาณิชย์,,ทหารไทย
21/01/2026,รายรับ,รายได้อื่นๆ,8.00,บัตรเครดิตกรุงศรี,ส่วนลดค่าน้ำมัน,
21/01/2026,รายจ่าย,ค่าอาหาร,50.00,กรุงไทย,ข้าวเช้า,
21/01/2026,รายจ่าย,ค่าอาหาร,33.00,กรุงไทย,ขนมปัง,
21/01/2026,รายจ่าย,ค่าอาหาร,100.00,กรุงไทย,กับข้าว,
21/01/2026,รายจ่าย,ค่าอาหาร,50.00,กรุงไทย,บะหมี่เป็ด,
21/01/2026,รายจ่าย,ค่าอาหาร,60.00,กรุงไทย,หมี่ไก่ฉีก,
21/01/2026,รายจ่าย,ค่าอาหาร,124.00,กรุงไทย,ขนมลูกชุป,
21/01/2026,รายจ่าย,ค่าอาหาร,140.00,กรุงไทย,มังคุต 2 โล,
21/01/2026,รายจ่าย,ค่าอาหาร,75.00,กรุงไทย,ขนมปัง bellinee,
22/01/2026,รายจ่าย,ค่าอาหาร,50.00,กรุงไทย,ข้าวเช้า,
22/01/2026,บิล,จ่ายสินเชื่อ,"2,085.05",ทหารไทย,จ่ายบัตร TTB,
22/01/2026,รายจ่าย,ค่าอาหาร,50.00,กรุงไทย,ก๋วยจั๊บ,
22/01/2026,รายจ่าย,ค่าอาหาร,40.00,กรุงไทย,ข้าวเม่าทอด,
22/01/2026,รายจ่าย,ค่าอาหาร,120.00,กรุงไทย,ข้าวยำ,
22/01/2026,รายจ่าย,ค่าอาหาร,100.00,กรุงไทย,ข้าวปลาแซลมอน,
22/01/2026,รายรับ,เงินปันผล,"4,143.60",กรุงเทพ,ปันผล VAYU1,
22/01/2026,โอนระหว่างบัญชี,โอนเงิน,"2,000.00",ไทยพาณิชย์,,ทหารไทย
23/01/2026,รายจ่าย,ค่าอาหาร,148.00,บัตรเครดิตกรุงศรี,lineman,
23/01/2026,รายจ่าย,ของใช้ในบ้าน/ส่วนตัว,180.00,กรุงไทย,ซื้อข้อต่อน้ำ,
23/01/2026,รายรับ,รายได้อื่นๆ,50.00,เงินสด,คืนเงินค่าข้อต่อน้ำ,
23/01/2026,รายจ่าย,ค่าอาหาร,192.00,บัตรเครดิตกรุงศรี,lineman,
23/01/2026,รายจ่าย,ให้/พ่อ/แม่/ลูก,500.00,กรุงไทย,ให้ลูก,
23/01/2026,รายจ่าย,ค่าฌาปณกิจ,50.00,กรุงไทย,ศพที่ 2/69,
24/01/2026,รายจ่าย,ค่าอาหาร,50.00,กรุงไทย,ข้าวมันไก่,
24/01/2026,รายจ่าย,ค่าอาหาร,110.00,กรุงไทย,หมูทอด,
24/01/2026,รายจ่าย,ค่าอาหาร,40.00,กรุงไทย,ขนมหวาน,
24/01/2026,รายจ่าย,ค่าอาหาร,40.00,เงินสด,ขนมครก,
24/01/2026,รายจ่าย,ค่าอาหาร,20.00,กรุงไทย,น้ำแดงโซดา,
25/01/2026,รายจ่าย,ค่าอาหาร,183.60,บัตรเครดิตกรุงศรี,Line man,
25/01/2026,รายจ่าย,ของใช้ในบ้าน/ส่วนตัว,76.00,บัตรเครดิตกรุงศรี,สายนาฬิกา,
25/01/2026,รายจ่าย,ค่าอาหาร,200.00,บัตรเครดิตกรุงศรี,Line man,
26/01/2026,รายรับ,เงินเดือน,"100,320.00",กรุงไทย,เงินเดือน,
26/01/2026,รายจ่าย,ภาษี,"7,304.40",กรุงไทย,ภาษี,
26/01/2026,เงินออมและลงทุน,กองทุนสำรองเลี้ยงชีพ,"15,048.00",กรุงไทย,กองทุน PVD,
26/01/2026,รายจ่าย,ค่าฌาปณกิจ,135.00,กรุงไทย,ฌสศ,
26/01/2026,เงินออมและลงทุน,ออมทรัพย์ สอท,"10,000.00",กรุงไทย,ออมทรัพย์ สอท,ออมทรัพย์ สอท
26/01/2026,เงินออมและลงทุน,ทุนเรือนหุ้น สอท,"8,000.00",กรุงไทย,ทุน สอท,
26/01/2026,รายจ่าย,ค่าอาหาร,50.00,กรุงไทย,ข้าวเช้า,
26/01/2026,บิล,จ่ายบัตรเครดิต,"31,803.26",กรุงไทย,บัตรเครดิตกรุงศรี,บัตรเครดิตกรุงศรี
26/01/2026,รายจ่าย,ให้/พ่อ/แม่/ลูก,"5,000.00",กรุงไทย,ให้ลูก,
26/01/2026,บิล,ค่าไฟ,26.34,กรุงไทย,ค่าไฟ บ้าน46/318,
26/01/2026,บิล,ค่าอินเทอร์เน็ต,642.00,บัตรเครดิตกรุงศรี,เน็ตบ้าน,
26/01/2026,บิล,ค่าโทรศัพท์,240.75,บัตรเครดิตกรุงศรี,มือถือพลอย,
26/01/2026,รายจ่าย,ค่าอาหาร,10.00,เงินสด,ข้าวเปล่า,
26/01/2026,รายจ่าย,ค่าอาหาร,120.00,กรุงไทย,กับข้าวเย็น,
26/01/2026,รายจ่าย,ค่าอาหาร,45.00,กรุงไทย,เย็นตาโฟ,
26/01/2026,รายจ่าย,ค่าอาหาร,30.00,กรุงไทย,ชมพู,
26/01/2026,รายจ่าย,ค่าอาหาร,45.00,กรุงไทย,แซนวิด,
26/01/2026,รายจ่าย,ค่าอาหาร,100.00,กรุงไทย,ปลาแซลมอน,
27/01/2026,เงินออมและลงทุน,DIME PLOY,"1,000.00",กรุงไทย,Dime Ploy,
27/01/2026,หนี้สิน,ผ่อนคอนโด,"22,000.00",กรุงไทย,ผ่อนคอนโด,
27/01/2026,รายจ่าย,ค่าอาหาร,55.00,กรุงไทย,ข้าวเช้า,
27/01/2026,รายจ่าย,ค่าอาหาร,69.00,กรุงไทย,หมูเทอริยากิ,
27/01/2026,รายจ่าย,ค่าอาหาร,70.00,กรุงไทย,สาคู,
27/01/2026,รายจ่าย,ค่าอาหาร,80.00,กรุงไทย,หมูสะเต๊ะ,
27/01/2026,รายจ่าย,ค่าอาหาร,60.00,กรุงไทย,ข้าวกระเพราะไก่ ไข่ดาว,
28/01/2026,รายจ่าย,ค่าอาหาร,55.00,กรุงไทย,ข้าวเช้า,
28/01/2026,รายจ่าย,ค่าอาหาร,55.00,กรุงไทย,หมี่แห้ง,
28/01/2026,รายจ่าย,ค่าอาหาร,60.00,กรุงไทย,หมี่ไก่่ฉีก,
28/01/2026,รายจ่าย,ของใช้ในบ้าน/ส่วนตัว,599.00,บัตรเครดิตกรุงศรี,หูฟัง,
28/01/2026,โอนระหว่างบัญชี,โอนเงิน,"5,000.00",กรุงไทย,,กสิกรไทย
29/01/2026,รายจ่าย,ค่าอาหาร,50.00,กรุงไทย,ข้าวเช้า,
29/01/2026,รายจ่าย,ค่าอาหาร,60.00,กรุงไทย,ข้าวปลาแกะ,
29/01/2026,รายจ่าย,ค่าน้ำมัน,"1,060.00",บัตรเครดิตกรุงศรี,เติมน้ำมัน,
29/01/2026,บิล,สมัครสมาชิก,62.00,Truemoney,Gemini,
30/01/2026,รายจ่าย,ค่าอาหาร,50.00,กรุงไทย,ข้าวเช้า,
30/01/2026,รายจ่าย,ค่าอาหาร,60.00,กรุงไทย,มาม่า,
30/01/2026,รายจ่าย,ค่าอาหาร,60.00,กรุงไทย,ก๋วยเตี๋ยวหลอด,
30/01/2026,รายจ่าย,ค่าอาหาร,95.00,กรุงไทย,กับข้าวเย็น,
30/01/2026,รายจ่าย,ค่าอาหาร,20.00,เงินสด,ข้าวเปล่า,
30/01/2026,รายรับ,รายได้อื่นๆ,8.00,บัตรเครดิตกรุงศรี,ส่วนลดค่าน้ำมัน,
31/01/2026,รายจ่าย,ค่าอาหาร,270.00,กรุงไทย,ก๋วยเตี๋ยวเรือ,
31/01/2026,รายจ่าย,"ความบันเทิง(ช็อปปิ้ง,ท่องเที่ยว)",400.00,กรุงไทย,ล็อดเตอร์รี่,
01/02/2026,บิล,ค่าอินเทอร์เน็ต,200.00,บัตรเครดิตกรุงศรี,เน็ต DTAC คอนโด,
01/02/2026,รายจ่าย,ค่าอาหาร,181.00,บัตรเครดิตกรุงศรี,น้ำนมเย็น,
02/02/2026,รายจ่าย,ค่าอาหาร,60.00,กรุงไทย,ข้าวเช้า,
02/02/2026,เงินออมและลงทุน,INOVESTX ROBO,"3,000.00",ไทยพาณิชย์,ลงทุน robot,
02/02/2026,รายจ่าย,ค่าอาหาร,80.00,กรุงไทย,กับข้าว,
02/02/2026,รายจ่าย,ค่าอาหาร,45.00,กรุงไทย,เย็นตาโฟ,
02/02/2026,รายจ่าย,ค่าอาหาร,10.00,กรุงไทย,ข้าวเปล่า,
03/02/2026,รายจ่าย,ค่าอาหาร,50.00,กรุงไทย,ข้าวเช้า,
03/02/2026,รายจ่าย,ทำบุญ/ใส่ซอง/ของขวัญ,20.00,เงินสด,ดอกป็อบบี้,
03/02/2026,รายรับ,ค่าบ้านเช่า,"4,000.00",ไทยพาณิชย์,ค่าบ้านเช่า 16,
03/02/2026,รายจ่าย,ค่าอาหาร,95.00,กรุงไทย,กับข้าวเย็น,
03/02/2026,รายจ่าย,ค่าอาหาร,55.00,กรุงไทย,กระเพาะปลา,
03/02/2026,รายจ่าย,ค่าอาหาร,69.00,กรุงไทย,ไก่่เทอริยากิ,
03/02/2026,รายจ่าย,ค่าอาหาร,84.00,กรุงไทย,ขนมปัง,
03/02/2026,รายจ่าย,ค่าอาหาร,10.00,เงินสด,ข้าวเปล่า,
04/02/2026,รายจ่าย,ค่าอาหาร,35.00,กรุงไทย,หมูปิ้ง,
04/02/2026,รายจ่าย,ค่าอาหาร,50.00,กรุงไทย,ข้าวเช้า,
04/02/2026,เงินออมและลงทุน,K+,"5,000.00",กสิกรไทย,ลงทุน K+,
04/02/2026,รายจ่าย,ค่าอาหาร,100.00,กรุงไทย,แกงส้ม ไข่ยัดไส้,
04/02/2026,รายจ่าย,ค่าอาหาร,80.00,กรุงไทย,ข้าวผัด,
04/02/2026,รายจ่าย,ค่าอาหาร,10.00,เงินสด,ข้าวเปล่า,
04/02/2026,รายจ่าย,ค่าอาหาร,120.00,กรุงไทย,ส้ม,
04/02/2026,บิล,ค่าส่วนกลาง,"17,428.17",ไทยพาณิชย์,ค่าส่วนกลางคอนโด,
04/02/2026,บิล,ค่าน้ำ,20.00,ไทยพาณิชย์,ค่าน้ำคอนโด,
04/02/2026,รายจ่าย,ค่าฌาปณกิจ,50.00,กรุงไทย,ศพที่  6/69,
05/02/2026,รายจ่าย,ค่าอาหาร,60.00,กรุงไทย,บะหมี่หมู,
06/02/2026,รายรับ,รายได้อื่นๆ,"25,947.55",กรุงไทย,เงินคืนภาษี,
06/02/2026,รายจ่าย,ค่าอาหาร,50.00,กรุงไทย,ข้าวเช้า,
06/02/2026,รายจ่าย,ให้/พ่อ/แม่/ลูก,500.00,กรุงไทย,ให้ลูก,
06/02/2026,รายจ่าย,ค่าอาหาร,45.00,กรุงไทย,เย็นตาโฟ,
06/02/2026,รายจ่าย,ค่าอาหาร,30.00,กรุงไทย,ผลไม้,
06/02/2026,รายจ่าย,ค่าอาหาร,100.00,กรุงไทย,ขนมจีน,
06/02/2026,รายจ่าย,รายจ่ายอื่นๆ,140.00,กรุงไทย,ตัดผม,
06/02/2026,รายจ่าย,ค่าอาหาร,25.00,กรุงไทย,ไส้กรอกอีสาน,
06/02/2026,รายจ่าย,ค่าอาหาร,55.00,กรุงไทย,ไก่ทอด,
06/02/2026,รายจ่าย,ค่าอาหาร,40.00,กรุงไทย,ลูกชิ้น,
06/02/2026,รายจ่าย,ค่าอาหาร,35.00,กรุงไทย,น้ำแตงโม,
07/02/2026,รายจ่าย,ค่าอาหาร,35.00,กรุงไทย,หมูปิ้ง,
07/02/2026,รายรับ,เงินปันผล,"72,579.70",กรุงไทย,ปันผล สอท,
07/02/2026,รายจ่าย,ค่าน้ำมัน,"1,240.00",บัตรเครดิตกรุงศรี,เติมน้ำมัน,
07/02/2026,รายจ่าย,ค่าฌาปณกิจ,50.00,กรุงไทย,ศพที่ 7/69,
08/02/2026,รายจ่าย,ค่าอาหาร,100.00,กรุงไทย,ข้าวขาหมู,
08/02/2026,รายจ่าย,ค่าอาหาร,100.00,กรุงไทย,ขนมจีน,
08/02/2026,รายจ่าย,ค่าอาหาร,45.00,กรุงไทย,ขนมหวาน,
08/02/2026,รายจ่าย,ค่าอาหาร,80.00,กรุงไทย,ข้าวเหนียวหมู,
08/02/2026,รายจ่าย,"ความบันเทิง(ช็อปปิ้ง,ท่องเที่ยว)",600.00,กรุงไทย,ซื้อโปรแกรม,
08/02/2026,รายรับ,รายได้อื่นๆ,8.00,บัตรเครดิตกรุงศรี,ส่วนลดค่าน้ำมัน,
09/02/2026,รายจ่าย,ค่าอาหาร,55.00,กรุงไทย,ข้าวเช้า,
09/02/2026,รายจ่าย,ค่าอาหาร,100.00,กรุงไทย,สตอเบอร์รี,
09/02/2026,รายจ่าย,ค่าอาหาร,90.00,กรุงไทย,ข้าวหมกไก่,
09/02/2026,รายจ่าย,ค่าอาหาร,10.00,เงินสด,ข้าวเปล่า,
09/02/2026,รายจ่าย,ค่าอาหาร,115.00,กรุงไทย,กับข้าวเย็น,
09/02/2026,เงินออมและลงทุน,INOVESTX RMF,"50,000.00",ไทยพาณิชย์,ลงทุน RMF,
09/02/2026,รายรับ,ค่าบ้านเช่า,"4,000.00",ไทยพาณิชย์,ค่าบ้านเช่า 18,
09/02/2026,บิล,ค่าน้ำ,32.10,กรุงไทย,ค่าน้ำ บ้าน46/318,
09/02/2026,บิล,ค่าน้ำ,209.72,กรุงไทย,ค่าน้ำ บ้าน46/316,
09/02/2026,รายจ่าย,โอนเงิน,"50,000.00",กรุงไทย,,
10/02/2026,รายจ่าย,ค่าอาหาร,50.00,กรุงไทย,ข้าวเช้า,
10/02/2026,รายจ่าย,ค่าอาหาร,109.00,กรุงไทย,ขนมปัง,
10/02/2026,รายจ่าย,ค่าอาหาร,55.00,เงินสด,ปลาดุุกทอด,
10/02/2026,รายจ่าย,ค่าอาหาร,10.00,เงินสด,ข้าวเปล่า,
10/02/2026,รายจ่าย,ค่าอาหาร,55.00,กรุงไทย,ฝรั่ง,
10/02/2026,รายจ่าย,ค่าอาหาร,45.00,กรุงไทย,เย็นตาโฟ,
10/02/2026,รายจ่าย,ค่าอาหาร,35.00,กรุงไทย,,
10/02/2026,รายจ่าย,ค่าอาหาร,35.00,กรุงไทย,สาคู,
10/02/2026,รายจ่าย,ค่าอาหาร,90.00,กรุงไทย,ยาคูล,
10/02/2026,รายจ่าย,ค่าอาหาร,120.00,กรุงไทย,ส้ม,
10/02/2026,รายจ่าย,รายจ่ายอื่นๆ,160.00,กรุงไทย,สลากกินแบ่ง,
10/02/2026,รายจ่าย,ค่าอาหาร,139.00,Truemoney,ซื้อน้ำปลาหวาน,
10/02/2026,โอนระหว่างบัญชี,โอนเงิน,200.00,กรุงไทย,,Truemoney
11/02/2026,รายจ่าย,ค่าอาหาร,50.00,กรุงไทย,ข้าวเช้า,
11/02/2026,รายจ่าย,ค่าอาหาร,50.00,กรุงไทย,บะหมี่เป็ด,
11/02/2026,รายจ่าย,ค่าอาหาร,55.00,กรุงไทย,ปลากรอบ,
11/02/2026,รายจ่าย,ค่าอาหาร,10.00,เงินสด,ข้าวเปล่า,
11/02/2026,รายจ่าย,ค่าอาหาร,120.00,กรุงไทย,หมูแดดเดียว,
11/02/2026,รายจ่าย,ค่าอาหาร,14.00,Truemoney,น้ำยาล้างจาน,
11/02/2026,รายจ่าย,ให้/พ่อ/แม่/ลูก,500.00,กรุงไทย,ให้ลูก,
12/02/2026,รายจ่าย,รายจ่ายอื่นๆ,160.00,กรุงไทย,ซื้อล็อกเตอร์รี,
12/02/2026,รายจ่าย,ค่าอาหาร,50.00,กรุงไทย,ข้าวเช้า,
12/02/2026,รายจ่าย,ค่าอาหาร,10.00,กรุงไทย,น้ำเปล่า,
12/02/2026,รายจ่าย,ค่าอาหาร,100.00,กรุงไทย,สเตอร์เบอร์รี,
12/02/2026,รายจ่าย,ค่าอาหาร,60.00,กรุงไทย,ข้าวไก่เทอร์ริยากี,
12/02/2026,รายจ่าย,ค่าอาหาร,75.00,กรุงไทย,น้ำส้ม,
12/02/2026,รายจ่าย,ค่าอาหาร,60.00,กรุงไทย,บะหมี่เกี้ยวหมู,
12/02/2026,รายจ่าย,ค่ารักษาพยาบาล,"3,355.00",บัตรเครดิตกรุงศรี,ค่ายา,
13/02/2026,รายจ่าย,ค่าอาหาร,50.00,กรุงไทย,ข้าวเช้า,
13/02/2026,รายรับ,เงินคืน NT,"8,687.50",กรุงไทย,เงินเข้าค่ายา,
13/02/2026,รายจ่าย,ค่าอาหาร,110.00,กรุงไทย,กับข้าว,
13/02/2026,รายจ่าย,ค่าอาหาร,20.00,เงินสด,ข้าวเปล่า,
13/02/2026,รายจ่าย,ค่าอาหาร,95.00,กรุงไทย,แคปหมู,
13/02/2026,รายจ่าย,ค่าอาหาร,45.00,กรุงไทย,ก๋วยเตี๋ยวน้ำตก,
14/02/2026,รายจ่าย,ค่ารักษาพยาบาล,"3,760.00",กรุงไทย,ค่ายายุ้ย,
14/02/2026,รายจ่าย,ค่าอาหาร,383.00,บัตรเครดิตกรุงศรี,lineman MC,
15/02/2026,รายจ่าย,ค่าอาหาร,255.00,กรุงไทย,เกาเหลาเป็ด,
15/02/2026,บิล,ค่าไฟ,556.15,กรุงไทย,ค่าไฟคอนโด,
16/02/2026,รายจ่าย,ค่าอาหาร,50.00,กรุงไทย,ข้าวเช้า,
16/02/2026,รายจ่าย,ค่าอาหาร,50.00,กรุงไทย,ข้าวหมูแดง,
16/02/2026,รายจ่าย,ค่าอาหาร,65.00,กรุงไทย,ขนมปัง Bellinee,
16/02/2026,รายจ่าย,ค่าอาหาร,70.00,กรุงไทย,ข้าวเหนียวหมูปิ้ง,
16/02/2026,รายจ่าย,ของใช้ในบ้าน/ส่วนตัว,67.99,กรุงไทย,ซื้อเข็มนาฬิกา,
16/02/2026,รายจ่าย,ค่าน้ำมัน,"1,130.00",บัตรเครดิตกรุงศรี,เติมน้ำมัน,
16/02/2026,รายรับ,เงินกู้/ยืม,"499,000.00",ทหารไทย,สินเชื่อTTB,
17/02/2026,โอนระหว่างบัญชี,โอนเงิน,"499,000.00",ทหารไทย,,กรุงไทย
17/02/2026,โอนระหว่างบัญชี,โอนเงิน,"500,000.00",กรุงไทย,,ออมทรัพย์ สอท
17/02/2026,รายจ่าย,ค่าอาหาร,50.00,กรุงไทย,ข้าวเช้า,
17/02/2026,รายจ่าย,รายจ่ายอื่นๆ,10.00,กรุงไทย,ค่าโอน สอท,
17/02/2026,รายจ่าย,ค่าอาหาร,95.00,กรุงไทย,เย็นตาโฟ,
17/02/2026,รายจ่าย,ค่าอาหาร,10.00,เงินสด,ข้าวเปล่า,
17/02/2026,รายจ่าย,ค่าอาหาร,60.00,กรุงไทย,แกงส้ม,
17/02/2026,รายรับ,รายได้อื่นๆ,50.00,เงินสด,จิตคืนเงิน,
17/02/2026,รายจ่าย,ให้/พ่อ/แม่/ลูก,200.00,กรุงไทย,ให้ลูก,
17/02/2026,รายรับ,รายได้อื่นๆ,8.00,บัตรเครดิตกรุงศรี,ส่วนลดค่าน้ำมัน,
18/02/2026,รายจ่าย,รายจ่ายอื่นๆ,15.00,กรุงเทพ,ค่าธรรมเนียม บ.กรุงเทพ,
18/02/2026,รายจ่าย,ค่าอาหาร,50.00,กรุงไทย,ข้าวเช้า,
18/02/2026,รายจ่าย,ค่าอาหาร,45.00,กรุงไทย,ก๋วยเตี๋ยวเรือ,
18/02/2026,รายจ่าย,ค่าอาหาร,60.00,กรุงไทย,ไก่ฉีก,
18/02/2026,รายจ่าย,ค่าอาหาร,129.00,กรุงไทย,ก๋วยเตี๋ยวบก+ขนมจีน,
18/02/2026,รายจ่าย,ค่าอาหาร,45.00,กรุงไทย,ขนมปัง Bellinee,
19/02/2026,รายจ่าย,ค่าอาหาร,50.00,กรุงไทย,ข้าวเช้า,
19/02/2026,รายจ่าย,ค่าอาหาร,45.00,กรุงไทย,ไข่กะทะ,
19/02/2026,รายจ่าย,ค่าอาหาร,30.00,กรุงไทย,แคตาลูป,
20/02/2026,รายจ่าย,ค่าอาหาร,45.00,กรุงไทย,ก๋วยเตี๋ยว,
20/02/2026,รายจ่าย,ค่าอาหาร,150.00,กรุงไทย,กับข้าวเย็น,
20/02/2026,รายจ่าย,ค่าอาหาร,10.00,เงินสด,ข้าวเปล่า,
20/02/2026,หนี้สิน,ผ่อนเช็คระยะรถ,"4,331.38",บัตรเครดิตกรุงศรี,ผ่อนเช็กระยะ 90000,
20/02/2026,โอนระหว่างบัญชี,โอนเงิน,"2,000.00",กรุงไทย,,ทหารไทย
20/02/2026,บิล,จ่ายสินเชื่อ,"1,628.31",ทหารไทย,จ่ายสืนเชื่อ,
20/02/2026,บิล,ค่าโทรศัพท์,319.93,บัตรเครดิตกรุงศรี,ค่าโทรศัพท์ DTAC,
20/02/2026,บิล,ค่าอินเทอร์เน็ต,642.00,บัตรเครดิตกรุงศรี,ค่าเน็ตบ้าน,
20/02/2026,บิล,ค่าโทรศัพท์,240.75,บัตรเครดิตกรุงศรี,ค่าโทรศัพท์พลอย,
20/02/2026,บิล,ค่าโทรศัพท์,214.00,บัตรเครดิตกรุงศรี,ค่าโทรศัพท์บ้าน,
21/02/2026,รายจ่าย,ค่าอาหาร,324.00,บัตรเครดิตกรุงศรี,lineman ส้มตำ,
22/02/2026,รายจ่าย,ค่าอาหาร,150.00,เงินสด,กับข้าวเช้า,
22/02/2026,รายจ่าย,ค่าอาหาร,40.00,กรุงไทย,น้ำแตงโม,
22/02/2026,รายจ่าย,ค่าอาหาร,40.00,กรุงไทย,ขนมเบื้อง,
22/02/2026,รายจ่าย,ค่าอาหาร,30.00,กรุงไทย,ข้าวเปล่า,
22/02/2026,โอนระหว่างบัญชี,โอนเงิน,"2,000.00",กรุงไทย,,ทหารไทย
22/02/2026,บิล,จ่ายบัตรเครดิต,"2,086.16",ทหารไทย,จ่ายบัตรทีทีบี,บัตรเครดิตทีทีบี
22/02/2026,รายจ่าย,ค่าฌาปณกิจ,50.00,กรุงไทย,ศพที่ 8/69,
22/02/2026,รายจ่าย,ค่าอาหาร,306.00,บัตรเครดิตกรุงศรี,lineman เชสเตอร์กิล,
23/02/2026,รายจ่าย,ค่าอาหาร,55.00,กรุงไทย,ข้าวเช้า,
23/02/2026,รายจ่าย,ค่าอาหาร,50.00,กรุงไทย,ข้าวต้มปลา,
23/02/2026,รายจ่าย,ค่าอาหาร,60.00,กรุงไทย,ข้าวคลุกกะปิ,
23/02/2026,รายจ่าย,ค่าอาหาร,55.00,กรุงไทย,โรลอกไก่,
23/02/2026,รายจ่าย,ค่าอาหาร,100.00,กรุงไทย,ปลาแซลมอน,
23/02/2026,รายจ่าย,รายจ่ายอื่นๆ,200.00,เงินสด,ทำบัตรผ่าน ทอ,
24/02/2026,รายจ่าย,ค่าอาหาร,50.00,กรุงไทย,ข้าวเช้า,
24/02/2026,รายจ่าย,ค่าอาหาร,135.00,กรุงไทย,ก๋วยเตี๋ยวเรือ,
24/02/2026,รายจ่าย,ค่าอาหาร,69.00,กรุงไทย,ข้าวมันไก่,
24/02/2026,รายจ่าย,ค่าอาหาร,35.00,กรุงไทย,สาคู,
24/02/2026,รายจ่าย,รายจ่ายอื่นๆ,67.32,Truemoney,ซื้อโปรแกรม,
24/02/2026,รายจ่าย,ให้/พ่อ/แม่/ลูก,"1,000.00",กรุงไทย,ให้ลูก,
24/02/2026,รายจ่าย,รายจ่ายอื่นๆ,240.00,กรุงไทย,ซื้อล็อดเตอร์รี,
25/02/2026,รายจ่าย,ค่าอาหาร,50.00,กรุงไทย,ข้าวต้มปลา,
25/02/2026,รายจ่าย,ค่าอาหาร,20.00,กรุงไทย,มะละกอ,
25/02/2026,รายจ่าย,ค่าอาหาร,60.00,กรุงไทย,สลัด,
25/02/2026,รายจ่าย,ค่าอาหาร,60.00,กรุงไทย,ไก่ฉีก,
26/02/2026,รายรับ,เงินเดือน,"100,320.00",กรุงไทย,เงินเดือน,
26/02/2026,รายจ่าย,ภาษี,"7,304.40",กรุงไทย,ภาษี,
26/02/2026,เงินออมและลงทุน,กองทุนสำรองเลี้ยงชีพ,"15,048.00",กรุงไทย,กองทุน PVD,
26/02/2026,รายจ่าย,ค่าฌาปณกิจ,150.00,กรุงไทย,ฌสศ,
26/02/2026,เงินออมและลงทุน,ออมทรัพย์ สอท,"10,000.00",กรุงไทย,ออมทรัพย์ สอท,ออมทรัพย์ สอท
26/02/2026,เงินออมและลงทุน,ทุนเรือนหุ้น สอท,"8,000.00",กรุงไทย,ทุน สอท,
26/02/2026,รายจ่าย,รายจ่ายอื่นๆ,240.00,กรุงไทย,ค่าบำรุง สหภาพ,
26/02/2026,รายจ่าย,ค่าอาหาร,50.00,กรุงไทย,ข้าวเช้า,
26/02/2026,รายจ่าย,ค่าอาหาร,50.00,กรุงไทย,ก๋วยจั๊บ,
26/02/2026,รายจ่าย,ค่าอาหาร,35.00,กรุงไทย,ขนม,
26/02/2026,รายจ่าย,ค่าอาหาร,138.00,กรุงไทย,ราดหน้า,
26/02/2026,บิล,ค่าไฟ,26.34,กรุงไทย,ค่าไฟ บ้าน46/318,
26/02/2026,บิล,ค่าไฟ,886.81,กรุงไทย,ค่าไฟคอนโด,
26/02/2026,บิล,สมัครสมาชิก,62.00,Truemoney,Gemini,
27/02/2026,เงินออมและลงทุน,DIME PLOY,"1,000.00",กรุงไทย,Dime Ploy,
27/02/2026,หนี้สิน,ผ่อนคอนโด,"22,000.00",กรุงไทย,ผ่อนคอนโด,
27/02/2026,รายจ่าย,ค่าอาหาร,45.00,กรุงไทย,ข้าวเช้า,
27/02/2026,รายจ่าย,ค่าอาหาร,65.00,กรุงไทย,ปลกดุกฟู,
27/02/2026,รายจ่าย,ค่าอาหาร,100.00,กรุงไทย,มาม่าผัด,
27/02/2026,รายจ่าย,ค่าอาหาร,25.00,กรุงไทย,แคตาลููต,
27/02/2026,รายจ่าย,ค่าอาหาร,100.00,กรุงไทย,ขนมจีน,
27/02/2026,รายจ่าย,ค่าอาหาร,90.00,กรุงไทย,ยาคูล,
27/02/2026,รายจ่าย,ค่าน้ำมัน,"1,200.00",บัตรเครดิตกรุงศรี,เติมน้ำมัน,
27/02/2026,รายจ่าย,ให้/พ่อ/แม่/ลูก,"5,000.00",กรุงไทย,ให้ลูก,
27/02/2026,บิล,จ่ายบัตรเครดิต,"10,288.16",กรุงไทย,บัตรเครดิตกรุงศรี,บัตรเครดิตกรุงศรี
27/02/2026,บิล,ค่าอินเทอร์เน็ต,200.00,บัตรเครดิตกรุงศรี,เน็ต DTAC คอนโด,
27/02/2026,รายรับ,เงินปันผล,665.55,กรุงเทพ,ปันผล IRC,
28/02/2026,รายจ่าย,ค่าอาหาร,150.00,เงินสด,กับข้าว,
28/02/2026,รายจ่าย,ค่าอาหาร,100.00,กรุงไทย,ก๋วยจั๊บญวณ,
28/02/2026,รายจ่าย,ค่าอาหาร,50.00,กรุงไทย,ขนมหวาน,
28/02/2026,รายจ่าย,ค่าอาหาร,30.00,กรุงไทย,ข้าวเปล่า,
28/02/2026,รายจ่าย,ค่าอาหาร,40.00,กรุงไทย,ขนมเบื้อง,
28/02/2026,รายจ่าย,ค่ารักษาพยาบาล,60.00,กรุงไทย,ATK,
28/02/2026,รายจ่าย,ค่าอาหาร,40.00,กรุงไทย,น้ำปั๊น,
28/02/2026,รายจ่าย,ค่าอาหาร,40.00,กรุงไทย,มะขามเทศ,
28/02/2026,รายจ่าย,รายจ่ายอื่นๆ,392.00,กรุงไทย,ล้อตเตอร์รี,
28/02/2026,โอนระหว่างบัญชี,โอนเงิน,200.00,กรุงไทย,,Truemoney
28/02/2026,รายจ่าย,ของใช้ในบ้าน/ส่วนตัว,68.49,Truemoney,ซื้อของ TK,
28/02/2026,รายรับ,รายได้อื่นๆ,8.00,บัตรเครดิตกรุงศรี,ส่วนลดค่าน้ำมัน,
01/03/2026,รายจ่าย,ค่าอาหาร,153.00,บัตรเครดิตกรุงศรี,lineman ข้าว,
01/03/2026,รายจ่าย,ค่าอาหาร,181.00,บัตรเครดิตกรุงศรี,lineman น้ำ,
01/03/2026,รายจ่าย,ค่าอาหาร,237.90,บัตรเครดิตกรุงศรี,lineman น้ำ,
01/03/2026,รายรับ,ค่าบ้านเช่า,"4,000.00",ไทยพาณิชย์,ค่าบ้านเช่า 16,
02/03/2026,รายจ่าย,ค่ารักษาพยาบาล,"4,141.50",บัตรเครดิตกรุงศรี,ค่าส่องกล้อง,
02/03/2026,รายจ่าย,ค่าอาหาร,168.00,กรุงไทย,ราดหน้าฉาไฟ,
02/03/2026,เงินออมและลงทุน,INOVESTX ROBO,"3,000.00",ไทยพาณิชย์,ลงทุน robot,
03/03/2026,รายจ่าย,ค่าอาหาร,152.00,บัตรเครดิตกรุงศรี,lineman ข้าวเช้า,
03/03/2026,โอนระหว่างบัญชี,โอนเงิน,300.00,กรุงไทย,,Truemoney
03/03/2026,บิล,ค่าอินเทอร์เน็ต,300.00,Truemoney,เน็ต DTAC คอนโด,
03/03/2026,รายจ่าย,ของใช้ในบ้าน/ส่วนตัว,"1,751.00",บัตรเครดิตกรุงศรี,ซื้อ SIM True,
03/03/2026,รายจ่าย,ค่าอาหาร,105.00,บัตรเครดิตกรุงศรี,lineman น้ำ,
03/03/2026,รายจ่าย,ค่าอาหาร,209.00,บัตรเครดิตกรุงศรี,lineman MCdonald,
03/03/2026,รายจ่าย,ค่าอาหาร,40.00,กรุงไทย,,
03/03/2026,รายจ่าย,ของใช้ในบ้าน/ส่วนตัว,234.00,กรุงไทย,ซื้อของ,
04/03/2026,รายรับ,ค่าบ้านเช่า,"4,000.00",ไทยพาณิชย์,ค่าบ้านเช่า 18,
04/03/2026,รายจ่าย,ค่าอาหาร,50.00,กรุงไทย,ข้าวเช้า,
04/03/2026,รายจ่าย,ค่าอาหาร,45.00,กรุงไทย,เย็นตาโฟ,
04/03/2026,รายจ่าย,ค่าอาหาร,45.00,กรุงไทย,ผลไม้,
04/03/2026,รายจ่าย,ค่าอาหาร,155.00,กรุงไทย,ก๋วยเตี๋ยวเรือ,
05/03/2026,รายจ่าย,ค่าอาหาร,50.00,กรุงไทย,ข้าวเช้า,
05/03/2026,รายจ่าย,ค่าอาหาร,110.00,กรุงไทย,ปลาแซลมอน,
05/03/2026,รายจ่าย,ค่าอาหาร,30.00,กรุงไทย,ขนม,
05/03/2026,รายจ่าย,ค่าอาหาร,65.00,กรุงไทย,ปลาดุกฟู,
05/03/2026,รายจ่าย,ค่าอาหาร,50.00,กรุงไทย,ข้าวเที่ยง,
05/03/2026,รายจ่าย,ค่าอาหาร,65.00,กรุงไทย,ข้าวเย็น,
05/03/2026,รายจ่าย,ค่าอาหาร,207.00,กรุงไทย,lineman โดนัท,
06/03/2026,รายจ่าย,ค่าอาหาร,60.00,กรุงไทย,ข้าวขาหมู,
06/03/2026,รายจ่าย,ค่าอาหาร,55.00,กรุงไทย,น้ำปั้น,
06/03/2026,รายจ่าย,ค่าอาหาร,120.00,กรุงไทย,ข้าวกระเพราะ,
07/03/2026,รายจ่าย,ค่าทางด่วน,300.00,กรุงไทย,เติมเงิน easy pass,
08/03/2026,รายจ่าย,ค่าทางด่วน,60.00,กรุงไทย,M-FLOW,
08/03/2026,รายจ่าย,ค่าอาหาร,"1,320.00",กรุงไทย,ข้าวเย็น,
09/03/2026,รายจ่าย,ค่าอาหาร,60.00,กรุงไทย,ข้าวเช้า,
09/03/2026,รายรับ,เงินปันผล,799.92,กรุงเทพ,DIF,
09/03/2026,รายจ่าย,ค่าอาหาร,45.00,กรุงไทย,ก๋วยเตี๋ยวต้มยำ,
09/03/2026,รายจ่าย,ค่าอาหาร,30.00,กรุงไทย,ข้าวต้มมัด,
09/03/2026,บิล,ค่าน้ำ,32.10,กรุงไทย,ค่าน้ำ บ้าน46/318,
09/03/2026,บิล,ค่าน้ำ,192.60,กรุงไทย,ค่าน้ำ บ้าน46/316,
09/03/2026,บิล,ค่าน้ำ,80.00,กรุงไทย,ค่าน้ำคอนโด,
09/03/2026,รายจ่าย,ค่าน้ำมัน,"1,120.00",บัตรเครดิตกรุงศรี,เติมน้ำมัน,
09/03/2026,รายจ่าย,ค่าอาหาร,36.00,Truemoney,น้ำโซดา,
10/03/2026,รายจ่าย,ค่าอาหาร,50.00,กรุงไทย,ข้าวเช้า,
10/03/2026,รายรับ,เงินปันผล,337.50,กรุงเทพ,ปันผล WHABT,
10/03/2026,รายจ่าย,ค่าอาหาร,60.00,กรุงไทย,ข้าวเที่ยง,
10/03/2026,รายจ่าย,ค่าอาหาร,105.00,กรุงไทย,กับข้าวเย็น,
10/03/2026,รายจ่าย,ค่าอาหาร,10.00,กรุงไทย,ข้าวเปล่า,
10/03/2026,รายจ่าย,ค่าอาหาร,40.00,กรุงไทย,ไส้กรอก,
10/03/2026,รายจ่าย,ค่าอาหาร,80.00,กรุงไทย,ส้ม,
10/03/2026,รายจ่าย,ค่าอาหาร,120.00,กรุงไทย,หมูข้าวเหนียว,
10/03/2026,รายจ่าย,ค่าอาหาร,239.00,กรุงไทย,ส้มฝาง,
10/03/2026,รายรับ,รายได้อื่นๆ,8.00,บัตรเครดิตกรุงศรี,ส่วนลดน้ำมัน,
11/03/2026,รายจ่าย,ค่าอาหาร,50.00,กรุงไทย,ข้าวเช้า,
11/03/2026,รายจ่าย,ค่าอาหาร,55.00,กรุงไทย,กระเพาะปลา,
11/03/2026,รายจ่าย,ค่าอาหาร,25.00,กรุงไทย,ชมพู,
11/03/2026,รายจ่าย,ค่าอาหาร,129.00,กรุงไทย,ขนมจีน,
11/03/2026,รายจ่าย,ให้/พ่อ/แม่/ลูก,200.00,กรุงไทย,ให้ลูก,
12/03/2026,รายจ่าย,ค่าอาหาร,50.00,กรุงไทย,ข้าวเช้า,
12/03/2026,รายจ่าย,ค่าอาหาร,100.00,กรุงไทย,กับข้าวเย็น,
12/03/2026,รายจ่าย,ค่าอาหาร,60.00,กรุงไทย,ข้าวหมูแดด,
12/03/2026,รายจ่าย,ค่าอาหาร,10.00,เงินสด,ข้าวเปล่า,
12/03/2026,รายจ่าย,รายจ่ายอื่นๆ,240.00,กรุงไทย,ซื้อล็อดเตอร์รี,
12/03/2026,รายจ่าย,ของใช้ในบ้าน/ส่วนตัว,114.00,บัตรเครดิตกรุงศรี,shopee,
13/03/2026,รายรับ,รายได้อื่นๆ,"4,000.00",กรุงไทย,ค่าเช่าโรงรถ,
13/03/2026,รายรับ,เงินคืน NT,420.00,กรุงไทย,โอนค่าพยาบาลยุ้ย,
13/03/2026,รายจ่าย,ค่าอาหาร,50.00,กรุงไทย,ข้าวเช้า,
13/03/2026,รายจ่าย,ค่าอาหาร,33.00,กรุงไทย,ขนมปัง,
13/03/2026,รายจ่าย,ค่าอาหาร,50.00,กรุงไทย,ข้าวเที่ยง,
13/03/2026,รายจ่าย,ค่าอาหาร,130.00,กรุงไทย,กับข้าวเย็น,
13/03/2026,รายรับ,เงินปันผล,432.00,กรุงเทพ,IMPACT,
14/03/2026,รายจ่าย,ค่าอาหาร,100.00,กรุงไทย,ข้าวเช้า,
14/03/2026,รายจ่าย,ค่ารักษาพยาบาล,535.00,กรุงไทย,ซื้อยา,
14/03/2026,รายจ่าย,ค่าอาหาร,80.00,กรุงไทย,ข้าวเหนียวมูล,
14/03/2026,รายจ่าย,ค่าอาหาร,30.00,กรุงไทย,ข้าวเปล่า,
14/03/2026,รายจ่าย,ค่าอาหาร,62.00,กรุงไทย,ไข่ไก่,
14/03/2026,รายจ่าย,ให้/พ่อ/แม่/ลูก,500.00,กรุงไทย,ให้ลูก,
14/03/2026,รายจ่าย,ค่าอาหาร,223.90,บัตรเครดิตกรุงศรี,lineman KFC,
16/03/2026,รายจ่าย,ค่าอาหาร,120.00,กรุงไทย,ข้าวหน้าเป็ด,
16/03/2026,รายจ่าย,ค่าอาหาร,30.00,กรุงไทย,ข้าวเปล่า,
16/03/2026,รายจ่าย,ค่าอาหาร,30.00,กรุงไทย,ปอเป็ยะทอด,
16/03/2026,รายจ่าย,ค่าอาหาร,85.00,เงินสด,กับข้าว,
16/03/2026,รายรับ,เงินปันผล,253.35,กสิกรไทย,ปันผล K-usa,
16/03/2026,รายรับ,เงินปันผล,"1,177.20",กรุงเทพ,PROSPECT,
16/03/2026,รายจ่าย,ภาษี,377.61,กรุงไทย,ภาษีที่ดิน คอหงส์,
17/03/2026,รายจ่าย,ค่าอาหาร,120.00,กรุงไทย,เกาเหลา,
17/03/2026,รายจ่าย,ค่าอาหาร,120.00,กรุงไทย,หมูทอด,
17/03/2026,รายจ่าย,ค่าอาหาร,40.00,กรุงไทย,ขนมหวาน,
17/03/2026,รายจ่าย,ค่าอาหาร,20.00,กรุงไทย,ข้าวเปล่า,
17/03/2026,รายจ่าย,ค่าอาหาร,35.00,กรุงไทย,น้ำชาเขียว,
17/03/2026,รายจ่าย,ค่ารักษาพยาบาล,420.00,กรุงไทย,คืนค่ายายุ้ย,
18/03/2026,รายจ่าย,ค่าอาหาร,100.00,กรุงไทย,ปากหม้อญวณ,
18/03/2026,รายจ่าย,ค่าอาหาร,100.00,กรุงไทย,ขาหมู,
18/03/2026,รายจ่าย,ค่าอาหาร,40.00,กรุงไทย,ขนมเบื้อง,
18/03/2026,รายจ่าย,ค่าอาหาร,60.00,กรุงไทย,ข้าวพริกแกง,
18/03/2026,รายจ่าย,รายจ่ายอื่นๆ,15.00,กรุงเทพ,ค่าธรรมเนียม,
19/03/2026,รายจ่าย,ค่าอาหาร,50.00,กรุงไทย,ข้าวเช้า,
19/03/2026,รายจ่าย,ค่าอาหาร,50.00,กรุงไทย,ข้าวเที่ยง,
19/03/2026,รายจ่าย,ค่าอาหาร,24.00,กรุงไทย,ขนมปัง,
19/03/2026,รายจ่าย,ค่ารักษาพยาบาล,"3,495.00",บัตรเครดิตกรุงศรี,หาหมอกระเพาะ,
19/03/2026,รายจ่าย,ค่าน้ำมัน,500.00,บัตรเครดิตกรุงศรี,เติมน้ำมัน,
19/03/2026,รายจ่าย,ทำบุญ/ใส่ซอง/ของขวัญ,"1,000.00",กรุงไทย,ช่วยเพื่อน,
20/03/2026,รายรับ,เงินปันผล,360.00,กรุงเทพ,ปันผล KSL,
20/03/2026,รายจ่าย,รายจ่ายอื่นๆ,240.00,กรุงไทย,ซื้อล็อดเตอร์รี,
20/03/2026,บิล,ค่าอินเทอร์เน็ต,642.00,บัตรเครดิตกรุงศรี,ค่าเน็ตบ้าน,
20/03/2026,บิล,ค่าโทรศัพท์,240.75,บัตรเครดิตกรุงศรี,ค่าโทรศัพท์พลอย,
20/03/2026,บิล,ค่าโทรศัพท์,319.93,บัตรเครดิตกรุงศรี,ค่าโทรศัพท์ DTAC,
20/03/2026,บิล,ค่าโทรศัพท์,107.00,บัตรเครดิตกรุงศรี,ค่าโทรศัพท์บ้าน,
20/03/2026,รายรับ,รายได้อื่นๆ,60.00,เงินสด,เก็บเหรียญ,
20/03/2026,หนี้สิน,ผ่อนตู้เย็น,"10,793.48",บัตรเครดิตกรุงศรี,ผ่อนตู้เย็น,
20/03/2026,รายจ่าย,ของใช้ในบ้าน/ส่วนตัว,"1,700.50",บัตรเครดิตกรุงศรี,ซื้อของ Homepro,
21/03/2026,รายจ่าย,ค่าอาหาร,60.00,กรุงไทย,ข้าวหน้าเป็ด,
21/03/2026,รายจ่าย,ค่าอาหาร,100.00,กรุงไทย,ข้าวมันไก่,
21/03/2026,รายจ่าย,ค่าอาหาร,30.00,กรุงไทย,ข้าวเปล่า,
21/03/2026,รายจ่าย,ค่าอาหาร,30.00,กรุงไทย,หมูข้าวเหนียว,
21/03/2026,รายจ่าย,ค่าอาหาร,60.00,กรุงไทย,เกาเหลา,
21/03/2026,รายจ่าย,ค่าอาหาร,50.00,กรุงไทย,ข้าวขาหมู,
21/03/2026,รายจ่าย,ค่าอาหาร,35.00,กรุงไทย,น้ำชาไทย,
21/03/2026,รายจ่าย,"ความบันเทิง(ช็อปปิ้ง,ท่องเที่ยว)",258.00,กรุงไทย,อ่างปลา,
21/03/2026,หนี้สิน,ผ่อนกล้อง,"4,792.00",บัตรเครดิตกรุงศรี,ผ่อนกล้อง KODAK,
22/03/2026,รายจ่าย,ค่าอาหาร,284.00,กรุงไทย,ก๋วยเตี๋ยวเรือ,
22/03/2026,โอนระหว่างบัญชี,โอนเงิน,200.00,กรุงไทย,,เป่าตัง
22/03/2026,รายจ่าย,รายจ่ายอื่นๆ,100.00,เป่าตัง,ซื้อสลาก3 หลัก,
22/03/2026,รายจ่าย,ของใช้ในบ้าน/ส่วนตัว,"2,476.00",บัตรเครดิตกรุงศรี,ซื้อของ Lotus,
22/03/2026,รายจ่าย,ค่าอาหาร,385.00,กรุงไทย,ข้าวต้มลอยไฟ,
23/03/2026,รายจ่าย,ค่าอาหาร,50.00,กรุงไทย,ขนมหวาน,
23/03/2026,รายจ่าย,ค่าอาหาร,40.00,กรุงไทย,ปลาเส้น,
23/03/2026,รายจ่าย,ค่าอาหาร,90.00,กรุงไทย,หมูแดดเดียว,
23/03/2026,รายจ่าย,ค่าอาหาร,20.00,กรุงไทย,ข้าวเหนียว,
23/03/2026,รายจ่าย,ค่าอาหาร,22.00,กรุงไทย,น้ำเป็ปซี,
23/03/2026,รายจ่าย,ค่าอาหาร,180.00,กรุงไทย,ข้าวกล่อง,
23/03/2026,รายจ่าย,ทำบุญ/ใส่ซอง/ของขวัญ,40.00,เงินสด,ให้คนส่งตู้เย็น,
24/03/2026,รายจ่าย,ค่าอาหาร,249.70,บัตรเครดิตกรุงศรี,Krispy Kreme,
25/03/2026,รายจ่าย,ค่าอาหาร,60.00,กรุงไทย,ข้าวเหนียวไก่,
25/03/2026,รายจ่าย,ค่าอาหาร,60.00,กรุงไทย,ต้มเลือดหมู,
25/03/2026,รายจ่าย,ค่าอาหาร,50.00,กรุงไทย,ข้าวมันไก่,
25/03/2026,รายจ่าย,ค่าอาหาร,60.00,กรุงไทย,ข้าวหน้าเป็ด,
25/03/2026,รายจ่าย,ค่าอาหาร,216.00,กรุงไทย,หมูสด,
25/03/2026,รายจ่าย,ค่าอาหาร,30.00,กรุงไทย,ข้าวโพดต้ม,
25/03/2026,รายรับ,เงินปันผล,299.70,กรุงเทพ,ปันผล ALLY,
25/03/2026,รายจ่าย,ของใช้ในบ้าน/ส่วนตัว,804.00,บัตรเครดิตกรุงศรี,shopee,
25/03/2026,รายจ่าย,ของใช้ในบ้าน/ส่วนตัว,945.00,บัตรเครดิตกรุงศรี,shopee,
26/03/2026,รายรับ,เงินเดือน,"100,320.00",กรุงไทย,เงินเดือน,
26/03/2026,รายจ่าย,ภาษี,"7,304.40",กรุงไทย,ภาษี,
26/03/2026,โอนระหว่างบัญชี,โอนเงิน,"15,048.00",กรุงไทย,กองทุน PVD,
26/03/2026,รายจ่าย,ค่าฌาปณกิจ,130.00,กรุงไทย,ฌสศ,
26/03/2026,เงินออมและลงทุน,ออมทรัพย์ สอท,"10,000.00",กรุงไทย,ออมทรัพย์ สอท,ออมทรัพย์ สอท
26/03/2026,เงินออมและลงทุน,ทุนเรือนหุ้น สอท,"8,000.00",กรุงไทย,ทุน สอท,
26/03/2026,รายรับ,เงินคืน NT,127.50,กรุงไทย,คืนค่ารักษายุ้ย,
26/03/2026,โอนระหว่างบัญชี,โอนเงิน,"1,900.00",กรุงไทย,,เงินสด
26/03/2026,รายจ่าย,ค่าอาหาร,20.00,กรุงไทย,ผลไม้,
26/03/2026,รายจ่าย,ค่าอาหาร,100.00,กรุงไทย,ส้ม,
26/03/2026,รายจ่าย,ค่าอาหาร,60.00,กรุงไทย,ข้าวเช้า,
26/03/2026,รายจ่าย,ของใช้ในบ้าน/ส่วนตัว,240.00,กรุงไทย,ครีมล้างหน้า,
26/03/2026,รายจ่าย,ค่าอาหาร,45.00,กรุงไทย,ก๋วยเตี๋ยว,
26/03/2026,รายจ่าย,รายจ่ายอื่นๆ,400.00,กรุงไทย,ซื้อล็อตเตอร์รี่,
26/03/2026,รายจ่าย,ค่าอาหาร,90.00,กรุงไทย,ยาคูล,
26/03/2026,รายจ่าย,ค่าอาหาร,50.00,กรุงไทย,ไส้กรอก,
26/03/2026,รายจ่าย,ค่าอาหาร,90.00,กรุงไทย,ขนมปัง,
26/03/2026,รายจ่าย,ค่าอาหาร,120.00,กรุงไทย,ข้าวผัดปู,
26/03/2026,รายจ่าย,ค่าอาหาร,119.00,กรุงไทย,โคจูจัง,
26/03/2026,รายจ่าย,ค่าน้ำมัน,860.00,บัตรเครดิตกรุงศรี,เติมน้ำมัน,
26/03/2026,รายจ่าย,ให้/พ่อ/แม่/ลูก,"4,000.00",กรุงไทย,ให้ลููก,
27/03/2026,เงินออมและลงทุน,DIME PLOY,"1,000.00",กรุงไทย,Dime Ploy,
27/03/2026,หนี้สิน,ผ่อนคอนโด,"22,000.00",กรุงไทย,ผ่อนคอนโด,
27/03/2026,รายจ่าย,ค่าอาหาร,269.00,บัตรเครดิตกรุงศรี,ส้มตำ,
27/03/2026,รายจ่าย,ของใช้ในบ้าน/ส่วนตัว,804.00,บัตรเครดิตกรุงศรี,ชั้นวางของ,
28/03/2026,บิล,จ่ายบัตรเครดิต,"19,350.54",กรุงไทย,บัตรเครดิตกรุงศรี,บัตรเครดิตกรุงศรี
28/03/2026,รายจ่าย,ค่าอาหาร,477.00,กรุงไทย,KFC,
28/03/2026,รายจ่าย,ค่าอาหาร,532.00,กรุงไทย,สเต็ก,
28/03/2026,บิล,ค่าไฟ,26.34,กรุงไทย,ค่าไฟ บ้าน46/318,
28/03/2026,บิล,ค่าไฟ,905.28,กรุงไทย,ค่าไฟคอนโด,
28/03/2026,รายจ่าย,ของใช้ในบ้าน/ส่วนตัว,100.00,เงินสด,ชื้อของ,
28/03/2026,รายจ่าย,รายจ่ายอื่นๆ,106.40,เป่าตัง,ซื้อสลาก3 หลัก,
28/03/2026,รายจ่าย,รายจ่ายอื่นๆ,16.60,กรุงไทย,ซื้อสลาก3 หลัก,
29/03/2026,รายจ่าย,ค่าอาหาร,164.00,กรุงไทย,เซสเตอร์กิล,
30/03/2026,รายจ่าย,ค่าอาหาร,637.00,บัตรเครดิตกรุงศรี,pizza,
30/03/2026,รายจ่าย,ของใช้ในบ้าน/ส่วนตัว,282.00,บัตรเครดิตกรุงศรี,shopee,
01/04/2026,เงินออมและลงทุน,INOVESTX ROBO,"3,000.00",ไทยพาณิชย์,ลงทุน robot,
01/04/2026,รายรับ,ค่าบ้านเช่า,"4,000.00",ไทยพาณิชย์,ค่าบ้านเช่า 16,
01/04/2026,รายจ่าย,ค่าอาหาร,120.00,กรุงไทย,ข้าวเย็น,
01/04/2026,รายรับ,ดอกเบี้ย,"2,860.09",ออมทรัพย์ สอท,ดอกเบี้ย,
02/04/2026,รายจ่าย,ค่าอาหาร,50.00,กรุงไทย,ข้าวเช้า,
02/04/2026,รายจ่าย,ค่าอาหาร,160.00,กรุงไทย,กับข้าวเย็น,
02/04/2026,รายจ่าย,ค่าอาหาร,50.00,กรุงไทย,เย็็นตาโฟ,
02/04/2026,รายจ่าย,ค่าอาหาร,45.00,กรุงไทย,ไก่ทอด,
02/04/2026,รายรับ,ค่าบ้านเช่า,"4,000.00",ไทยพาณิชย์,ค่าบ้านเช่า 18,
02/04/2026,รายจ่าย,ค่าอาหาร,150.00,กรุงไทย,ขนมปัง bellinee,
02/04/2026,รายจ่าย,ค่าอาหาร,341.00,กรุงไทย,โซดา ไอศครีม,
02/04/2026,เงินออมและลงทุน,Finnomena,"2,000.00",กรุงเทพ,ลงทุน Finno,
03/04/2026,รายจ่าย,ค่าอาหาร,175.00,กรุงไทย,ก๋วยเตี๋ยวต้มยำ,
03/04/2026,รายจ่าย,ค่าอาหาร,30.00,เงินสด,ค่าน้ำดื่ม,
04/04/2026,เงินออมและลงทุน,K+,"5,000.00",กรุงไทย,ลงทุน K+,
05/04/2026,โอนระหว่างบัญชี,โอนเงิน,200.00,กรุงไทย,,Truemoney
05/04/2026,รายจ่าย,ของใช้ในบ้าน/ส่วนตัว,189.00,Truemoney,ซื้อของ,
05/04/2026,รายจ่าย,ของใช้ในบ้าน/ส่วนตัว,"3,692.00",บัตรเครดิตกรุงศรี,shopee เก้าอี้,
06/04/2026,รายจ่าย,ค่าฌาปณกิจ,50.00,กรุงไทย,ค่าฌาป,
06/04/2026,รายจ่าย,ค่าอาหาร,173.00,กรุงไทย,หมูอนามัย,
06/04/2026,รายจ่าย,ค่าอาหาร,126.00,กรุงไทย,เนื้อไก่,
06/04/2026,รายจ่าย,ค่าอาหาร,96.00,กรุงไทย,ซี่โครงหมู,
06/04/2026,รายจ่าย,ค่าอาหาร,60.00,กรุงไทย,ไข่ไก่,
06/04/2026,รายจ่าย,ค่าอาหาร,115.00,กรุงไทย,ขนมหวาน,
06/04/2026,รายจ่าย,ค่าอาหาร,40.00,เงินสด,ผัก,
07/04/2026,รายจ่าย,รายจ่ายอื่นๆ,379.00,กรุงไทย,ซื้อโปรแกรม Kinn,
07/04/2026,รายจ่าย,ค่าอาหาร,"1,065.00",กรุงไทย,MAXCRO,
07/04/2026,เงินออมและลงทุน,K+,"5,000.00",กสิกรไทย,ลงทุุน,
08/04/2026,รายจ่าย,ของใช้ในบ้าน/ส่วนตัว,140.00,กรุงไทย,ร้าน DIY,
08/04/2026,รายจ่าย,ค่าอาหาร,45.00,กรุงไทย,น้ำปั้ั้น,
08/04/2026,รายจ่าย,ค่าอาหาร,50.00,กรุงไทย,เย็นตาโฟ,
08/04/2026,รายจ่าย,ค่าอาหาร,65.00,กรุงไทย,ข้าวซอย,
08/04/2026,รายจ่าย,ค่าอาหาร,189.00,กรุงไทย,สเต็ก,
09/04/2026,รายจ่าย,ค่าอาหาร,50.00,กรุงไทย,ข้าวเช้า,
09/04/2026,บิล,ค่าน้ำ,32.10,กรุงไทย,บ้าน 318,
09/04/2026,บิล,ค่าน้ำ,261.08,กรุงไทย,บ้าน 316,
09/04/2026,บิล,ค่าน้ำ,60.00,กรุงไทย,คอนโด,
09/04/2026,รายจ่าย,ค่าอาหาร,45.00,กรุงไทย,ก๋วยเตี๋ยว,
09/04/2026,รายจ่าย,ค่าอาหาร,90.00,กรุงไทย,กับข้าว,
09/04/2026,รายจ่าย,ของใช้ในบ้าน/ส่วนตัว,110.00,กรุงไทย,กระดาษเปียก,
09/04/2026,รายจ่าย,ค่าอาหาร,80.00,กรุงไทย,ปลาทอด,
09/04/2026,รายจ่าย,ของใช้ในบ้าน/ส่วนตัว,140.00,กรุงไทย,ต้ดผม,
09/04/2026,รายจ่าย,ค่าอาหาร,80.00,กรุงไทย,แตงโม,
10/04/2026,รายรับ,เงินคืน NT,"6,835.50",กรุงไทย,ค่ารักษา,
11/04/2026,รายจ่าย,ค่าอาหาร,100.00,เงินสด,น้ำดืม,
11/04/2026,รายจ่าย,ค่าอาหาร,980.00,กรุงไทย,โอ๋กะจุ,
11/04/2026,รายจ่าย,ค่าอาหาร,69.00,กรุงไทย,ขนมโตเกียว,
12/04/2026,รายจ่าย,ของใช้ในบ้าน/ส่วนตัว,404.00,บัตรเครดิตกรุงศรี,shopee ไส้กรองน้ำ,
12/04/2026,รายจ่าย,ของใช้ในบ้าน/ส่วนตัว,810.00,บัตรเครดิตกรุงศรี,shopee มุ้งจีบ,
12/04/2026,รายจ่าย,ของใช้ในบ้าน/ส่วนตัว,69.00,บัตรเครดิตกรุงศรี,shopee เครื่องกรองน้ำดื่ม,
13/04/2026,รายจ่าย,ของใช้ในบ้าน/ส่วนตัว,76.63,บัตรเครดิตกรุงศรี,เทปติดมุ้งจีบ,
13/04/2026,รายจ่าย,ค่าอาหาร,257.00,กรุงไทย,วราภรณ์ เปา,
13/04/2026,รายจ่าย,ค่าอาหาร,138.00,กรุงไทย,ไก่ฉีก,
14/04/2026,รายจ่าย,รายจ่ายอื่นๆ,665.00,เงินสด,ทำบุญ,
14/04/2026,รายจ่าย,ค่าอาหาร,489.00,กรุงไทย,ร้าน MC,
14/04/2026,รายจ่าย,รายจ่ายอื่นๆ,460.00,กรุงไทย,ซื้อล็อดเตอร์รี่,
14/04/2026,รายจ่าย,ค่าน้ำมัน,"1,610.00",บัตรเครดิตกรุงศรี,เติมน้ำมัน,
16/04/2026,โอนระหว่างบัญชี,โอนเงิน,"88,000.00",ออมทรัพย์ สอท,โอนเงิน,กรุงไทย
16/04/2026,รายจ่าย,รายจ่ายอื่นๆ,8.00,ออมทรัพย์ สอท,ค่าธรรมเนียม,
16/04/2026,โอนระหว่างบัญชี,โอนเงิน,"89,000.00",กรุงไทย,โอนเงิน,ทหารไทย
16/04/2026,บิล,จ่ายสินเชื่อ,"88,583.00",ทหารไทย,จ่่ายเงินกู้ TTB,
16/04/2026,รายรับ,ค่าคอมมิชชั่น,"7,958.00",กรุงเทพ,ค่าทำบัตร TTB,
18/04/2026,รายจ่าย,ค่าอาหาร,53.00,กรุงไทย,ไข่ไก่,
18/04/2026,รายจ่าย,ค่าอาหาร,120.00,กรุงไทย,ยาฆ่ามด,
18/04/2026,รายจ่าย,ค่าอาหาร,315.00,กรุงไทย,ชุซิ,
18/04/2026,รายจ่าย,ค่าอาหาร,100.00,กรุงไทย,แตงโม,
18/04/2026,รายจ่าย,ค่าอาหาร,75.00,กรุงไทย,lotus น้ำดืม,
18/04/2026,รายรับ,เงินปันผล,720.00,กรุงเทพ,ปันผล Q-CON,
18/04/2026,รายจ่าย,รายจ่ายอื่นๆ,15.00,กรุงเทพ,ค่าธรรมเนียม,
19/04/2026,รายจ่าย,ของใช้ในบ้าน/ส่วนตัว,364.00,บัตรเครดิตกรุงศรี,Shopee แบต,
19/04/2026,รายจ่าย,ค่าอาหาร,378.20,บัตรเครดิตกรุงศรี,ส้มตำ,
19/04/2026,บิล,ค่าอินเทอร์เน็ต,642.00,บัตรเครดิตกรุงศรี,ค่าเน็ตบ้าน,
19/04/2026,บิล,ค่าโทรศัพท์,240.75,บัตรเครดิตกรุงศรี,ค่าโทรศัพท์พลอย,
19/04/2026,บิล,ค่าโทรศัพท์,319.93,บัตรเครดิตกรุงศรี,ค่าโทรศัพท์ DTAC,
20/04/2026,รายจ่าย,ค่าอาหาร,40.00,กรุงไทย,ข้าวโพดต้ม,
21/04/2026,รายจ่าย,ให้/พ่อ/แม่/ลูก,"1,200.00",กรุงไทย,ให้ยัุย,
23/04/2026,รายจ่าย,ค่าอาหาร,120.00,กรุงไทย,ผลไม้,
23/04/2026,รายจ่าย,ค่าอาหาร,50.00,กรุงไทย,ข้าวเช้า,
23/04/2026,รายจ่าย,ค่าอาหาร,25.00,กรุงไทย,ชาไทย,
23/04/2026,รายจ่าย,ค่าอาหาร,95.00,กรุงไทย,ข้าวเย็น,
23/04/2026,รายจ่าย,ค่าอาหาร,50.00,กรุงไทย,ก๋วยเตี๋ยวเรือ,
23/04/2026,รายจ่าย,ค่าอาหาร,45.00,กรุงไทย,ต้้มขมิ้น,
23/04/2026,รายจ่าย,ค่าอาหาร,90.00,กรุงไทย,ยาคูล,
24/04/2026,รายรับ,เงินเดือน,"100,320.00",กรุงไทย,เงินเดือน,
24/04/2026,รายรับ,เงินคืน NT,"3,495.00",กรุงไทย,ค่ารักษาพยาบาล,
24/04/2026,รายจ่าย,ภาษี,"7,304.40",กรุงไทย,ภาษี,
24/04/2026,เงินออมและลงทุน,กองทุนสำรองเลี้ยงชีพ,"15,048.00",กรุงไทย,กองทุน PVD,
24/04/2026,เงินออมและลงทุน,ออมทรัพย์ สอท,"10,000.00",กรุงไทย,ออมทรัพย์ สอท,ออมทรัพย์ สอท
24/04/2026,เงินออมและลงทุน,ทุนเรือนหุ้น สอท,"8,000.00",กรุงไทย,ทุน สอท,
24/04/2026,รายจ่าย,ค่าฌาปณกิจ,95.00,กรุงไทย,ฌสศ,
24/04/2026,รายรับ,เงินปันผล,630.00,กรุงเทพ,ปันผล TU,
24/04/2026,รายรับ,เงินปันผล,"1,180.00",กรุงเทพ,BDMS,
25/04/2026,รายจ่าย,ค่าอาหาร,235.00,กรุงไทย,ขนมปัง BUN,
25/04/2026,รายจ่าย,ค่าอาหาร,95.00,กรุงไทย,หมููสด,
25/04/2026,รายจ่าย,ค่าอาหาร,70.00,กรุงไทย,ไก่สด,
25/04/2026,รายจ่าย,ค่าอาหาร,60.00,กรุงไทย,น้ำชาเขียว,
25/04/2026,รายจ่าย,ค่าอาหาร,180.00,กรุงไทย,ข้าวหน้าเป็ด,
25/04/2026,รายจ่าย,ค่าอาหาร,378.00,กรุงไทย,ทุเรียน,
27/04/2026,เงินออมและลงทุน,DIME PLOY,"1,000.00",กรุงไทย,Dime Ploy,
27/04/2026,หนี้สิน,ผ่อนคอนโด,"22,000.00",กรุงไทย,ผ่อนคอนโด,
27/04/2026,บิล,จ่ายบัตรเครดิต,"23,668.82",กรุงไทย,บัตรเครดิตกรุงศรี,บัตรเครดิตกรุงศรี
27/04/2026,โอนระหว่างบัญชี,โอนเงิน,"5,000.00",กรุงไทย,,กสิกรไทย
27/04/2026,บิล,ค่าไฟ,26.34,กรุงไทย,บ้าน 318,
27/04/2026,บิล,ค่าไฟ,269.77,กรุงไทย,คอนโด,
27/04/2026,รายจ่าย,ค่าอาหาร,50.00,กรุงไทย,ไส้กรอก,
27/04/2026,รายจ่าย,ค่าอาหาร,20.00,กรุงไทย,เกี๋ยวทอด,
27/04/2026,รายจ่าย,ค่าอาหาร,55.00,กรุงไทย,ไก่ทอด,
27/04/2026,รายจ่าย,ค่าอาหาร,89.00,กรุงไทย,โคชูจัง,
27/04/2026,รายจ่าย,ค่าอาหาร,110.00,กรุงไทย,ผัดซี้อิ๋ว,
27/04/2026,รายจ่าย,ค่าอาหาร,185.00,กรุงไทย,หมูสด+ไข่,
27/04/2026,รายจ่าย,ค่าอาหาร,385.00,กรุงไทย,ทุเรียน,
28/04/2026,รายจ่าย,ค่าอาหาร,110.00,กรุงไทย,ผัก,
28/04/2026,รายจ่าย,ค่าอาหาร,70.00,เงินสด,น้ำดื่ม,
28/04/2026,รายจ่าย,ของใช้ในบ้าน/ส่วนตัว,"2,320.00",บัตรเครดิตกรุงศรี,ของใช้,
28/04/2026,รายจ่าย,ของใช้ในบ้าน/ส่วนตัว,333.68,บัตรเครดิตกรุงศรี,ของใช้,
29/04/2026,รายจ่าย,ค่าอาหาร,562.00,กรุงไทย,ฮะจิบัง,
29/04/2026,รายจ่าย,ค่าอาหาร,189.00,กรุงไทย,ซื้อทุเรียน tiktok,
29/04/2026,รายจ่าย,ค่าอาหาร,50.00,กรุงไทย,ข้าวเช้า,
29/04/2026,รายจ่าย,ค่าอาหาร,195.00,กรุงไทย,ผลไม้,
29/04/2026,รายจ่าย,ค่าอาหาร,50.00,กรุงไทย,เย็นตาโฟ,
29/04/2026,รายจ่าย,ค่าอาหาร,65.00,กรุงไทย,ลูกชุบ,
29/04/2026,รายจ่าย,ของใช้ในบ้าน/ส่วนตัว,20.00,เงินสด,ตะขอ,
30/04/2026,รายจ่าย,ภาษี,339.94,กรุงไทย,ภาษีที่ดินคอนโด,
30/04/2026,บิล,ค่าส่วนกลาง,674.62,กรุงไทย,บำรุงลิฟท์คอนดด,
30/04/2026,รายรับ,เงินปันผล,990.00,กรุงเทพ,ปันผล TCAP,
30/04/2026,รายรับ,เงินปันผล,"1,612.80",กรุงเทพ,ปันผล KTB,
30/04/2026,รายรับ,เงินปันผล,"1,593.00",กรุงเทพ,ปันผล KTC,
30/04/2026,บิล,"เบี้ยประกัน (รถยนต์,ชีวิต)","28,470.00",บัตรเครดิตกรุงศรี,ประกัน อยุธยา,
30/04/2026,รายจ่าย,ค่าอาหาร,127.00,บัตรเครดิตกรุงศรี,น้ำชา,
01/05/2026,รายจ่าย,ค่าอาหาร,50.00,กรุงไทย,ข้าวขาหมู,
01/05/2026,รายจ่าย,ให้/พ่อ/แม่/ลูก,"3,000.00",กรุงไทย,ให้ลูก,
01/05/2026,รายจ่าย,ค่าอาหาร,70.00,กรุงไทย,เกาเหลา,
01/05/2026,รายจ่าย,รายจ่ายอื่นๆ,200.00,กรุงไทย,หวย N3,
01/05/2026,รายจ่าย,รายจ่ายอื่นๆ,160.00,กรุงไทย,ซื้อล็อตเตอร์รี่,
01/05/2026,รายจ่าย,รายจ่ายอื่นๆ,200.00,กรุงไทย,หวย N3,
01/05/2026,โอนระหว่างบัญชี,โอนเงิน,"415,000.00",ออมทรัพย์ สอท,,กรุงไทย
01/05/2026,โอนระหว่างบัญชี,โอนเงิน,"416,000.00",กรุงไทย,,ทหารไทย
01/05/2026,รายจ่าย,รายจ่ายอื่นๆ,200.00,กรุงไทย,หวย N3,
01/05/2026,โอนระหว่างบัญชี,โอนเงิน,200.00,กรุงไทย,,เป่าตัง
01/05/2026,บิล,จ่ายสินเชื่อ,"327,488.48",ทหารไทย,สินเชื่อ TTB,
01/05/2026,รายจ่าย,รายจ่ายอื่นๆ,8.00,ออมทรัพย์ สอท,ค่าธรรมเนียม,
02/05/2026,รายจ่าย,ค่าอาหาร,374.71,กรุงไทย,ปลาหมึกแห้ง,
02/05/2026,รายจ่าย,ค่าอาหาร,253.00,กรุงไทย,ขนมปัง,
02/05/2026,รายจ่าย,ค่าอาหาร,207.00,กรุงไทย,ราดหน้า,
02/05/2026,รายจ่าย,ของใช้ในบ้าน/ส่วนตัว,175.00,กรุงไทย,DIY,
02/05/2026,รายรับ,ค่าบ้านเช่า,"4,000.00",ไทยพาณิชย์,ค่าบ้านเช่า 18,
04/05/2026,รายรับ,ค่าบ้านเช่า,"4,000.00",ไทยพาณิชย์,ค่าบ้านเช่า 16,
05/05/2026,รายจ่าย,ค่าอาหาร,50.00,กรุงไทย,ข้าวเช้้า,
05/05/2026,รายจ่าย,ค่าอาหาร,100.00,กรุงไทย,เม็ดสตอ,
05/05/2026,บิล,ค่าโทรศัพท์,107.00,กรุงไทย,มือถือ NT,
05/05/2026,บิล,ค่าโทรศัพท์,214.00,กรุงไทย,เบอร์บ้าน,
05/05/2026,เงินออมและลงทุน,INOVESTX ROBO,"3,000.00",ไทยพาณิชย์,ลงทุน,
05/05/2026,รายจ่าย,ค่าอาหาร,95.00,กรุงไทย,เย็นตาโฟ,
05/05/2026,รายจ่าย,ค่าอาหาร,40.00,กรุงไทย,วิฟฟอล,
05/05/2026,รายจ่าย,ค่าอาหาร,60.00,กรุงไทย,หมููยอ,
05/05/2026,รายจ่าย,ค่าอาหาร,100.00,กรุงไทย,สาคู,
05/05/2026,รายจ่าย,ค่าอาหาร,100.00,กรุงไทย,บาบีคิว,
05/05/2026,รายจ่าย,ค่าอาหาร,50.00,กรุงไทย,ไส้กรอกอีสาน,
05/05/2026,รายจ่าย,ค่าอาหาร,20.00,กรุงไทย,เกียกกรอบ,
05/05/2026,รายจ่าย,ค่าอาหาร,165.00,กรุงไทย,หมูสับ,
06/05/2026,รายจ่าย,ค่าอาหาร,65.00,กรุงไทย,น้ำเต้าหู้,
07/05/2026,รายจ่าย,ค่าอาหาร,130.00,กรุงไทย,มังคุต,
07/05/2026,รายจ่าย,ค่าอาหาร,50.00,กรุงไทย,ข้าวเช้า,
07/05/2026,โอนระหว่างบัญชี,โอนเงิน,"88,000.00",ออมทรัพย์ สอท,,กรุงไทย
07/05/2026,รายจ่าย,รายจ่ายอื่นๆ,8.00,ออมทรัพย์ สอท,ค่าธรรมเนียม,
07/05/2026,โอนระหว่างบัญชี,โอนเงิน,"89,000.00",กรุงไทย,,ทหารไทย
07/05/2026,บิล,จ่ายสินเชื่อ,"88,583.00",ทหารไทย,จ่ายสินเชื่อ บัตร TTB,
07/05/2026,รายรับ,เงินปันผล,792.00,กรุงเทพ,HMPRO,
07/05/2026,รายจ่าย,ค่าอาหาร,50.00,กรุงไทย,เกี๊ยวน้ำ,
07/05/2026,รายจ่าย,ค่าอาหาร,110.00,กรุงไทย,ปั๊นสิบ,
07/05/2026,รายจ่าย,ค่าอาหาร,90.00,กรุงไทย,ยาคูล,
07/05/2026,รายจ่าย,ค่าอาหาร,30.00,กรุงไทย,ข้าวเปล่า,
07/05/2026,รายจ่าย,ค่าอาหาร,100.00,กรุงไทย,หมูสด,
07/05/2026,รายจ่าย,ค่าอาหาร,70.00,กรุงไทย,กุ้งสด,
07/05/2026,รายจ่าย,ค่าอาหาร,120.00,กรุงไทย,ไก่ทอด,
07/05/2026,รายจ่าย,ค่าอาหาร,50.00,กรุงไทย,โรตี,
07/05/2026,รายรับ,เงินปันผล,135.00,ไทยพาณิชย์,PSL_Fin,
08/05/2026,รายจ่าย,เงินปันผล,180.00,ไทยพาณิชย์,STA_Fin,
08/05/2026,รายจ่าย,ของใช้ในบ้าน/ส่วนตัว,883.00,บัตรเครดิตกรุงศรี,บาร์โหน,
08/05/2026,รายจ่าย,ค่าอาหาร,590.00,กรุงไทย,ทุเรียน,
08/05/2026,รายรับ,รายได้อื่นๆ,16.00,บัตรเครดิตกรุงศรี,คืนเงิน,
08/05/2026,รายรับ,เงินปันผล,"1,400.00",กรุงเทพ,TPIPP,
08/05/2026,รายรับ,เงินปันผล,"1,498.50",กรุงเทพ,CRC,
08/05/2026,รายรับ,เงินปันผล,"7,560.00",กรุงเทพ,SAT,
09/05/2026,รายจ่าย,ค่าอาหาร,760.00,กรุงไทย,ทุเรียน,
09/05/2026,บิล,ค่าน้ำ,32.10,กรุงไทย,46/318,
09/05/2026,บิล,ค่าน้ำ,312.44,กรุงไทย,46/316,
09/05/2026,รายจ่าย,ให้/พ่อ/แม่/ลูก,660.00,กรุงไทย,ให้ลูก,
09/05/2026,รายจ่าย,รายจ่ายอื่นๆ,100.00,เงินสด,น้ำดื่ม,
09/05/2026,รายจ่าย,ค่าอาหาร,486.00,กรุงไทย,MK,
09/05/2026,รายจ่าย,ของใช้ในบ้าน/ส่วนตัว,487.50,กรุงไทย,LOTUS,
11/05/2026,รายจ่าย,ค่าอาหาร,137.00,บัตรเครดิตกรุงศรี,Lineman ชาเขียว,
12/05/2026,รายจ่าย,ค่าอาหาร,55.00,กรุงไทย,ข้้าวเช้า,
12/05/2026,รายจ่าย,ค่าอาหาร,90.00,กรุงไทย,ก๋วยเตี๋ยว,
12/05/2026,รายจ่าย,ค่าอาหาร,45.00,กรุงไทย,ผัดหมี่,
12/05/2026,รายจ่าย,ค่าอาหาร,110.00,กรุงไทย,ปั๊นสิบ,
12/05/2026,รายจ่าย,ค่าอาหาร,130.00,กรุงไทย,หมููแดดเดียว,
12/05/2026,รายจ่าย,ค่าอาหาร,20.00,กรุงไทย,เกี๊ยวทอด,
12/05/2026,รายจ่าย,ค่าอาหาร,40.00,กรุงไทย,น้ำปั้น,
12/05/2026,รายจ่าย,ค่าอาหาร,45.00,กรุงไทย,โรตี,
12/05/2026,รายจ่าย,ค่าอาหาร,30.00,กรุงไทย,ข้าวเปล่า,
12/05/2026,รายจ่าย,ค่าอาหาร,100.00,กรุงไทย,หมูสด,
12/05/2026,รายจ่าย,ค่าอาหาร,55.00,กรุงไทย,ไก่สด,
13/05/2026,รายจ่าย,ค่าอาหาร,159.00,บัตรเครดิตกรุงศรี,Lineman,
14/05/2026,รายจ่าย,ค่าอาหาร,50.00,กรุงไทย,ข้าวเช้า,
14/05/2026,รายจ่าย,ค่าอาหาร,40.00,กรุงไทย,ผััดซีอิ๋ว,
14/05/2026,รายจ่าย,ค่าอาหาร,30.00,กรุงไทย,ชมพู,
14/05/2026,รายจ่าย,ค่าอาหาร,199.00,กรุงไทย,MC,
15/05/2026,รายรับ,เงินคืน NT,"3,430.00",กรุงไทย,ค่ายา,
15/05/2026,รายจ่าย,รายจ่ายอื่นๆ,"3,557.00",กรุงไทย,คืนค่ายายุ้ย,
15/05/2026,รายจ่าย,รายจ่ายอื่นๆ,160.00,กรุงไทย,ซื้อล็อตเตอร์รี,
15/05/2026,รายจ่าย,รายจ่ายอื่นๆ,200.00,กรุงไทย,หวย N3,
16/05/2026,รายจ่าย,ค่าอาหาร,115.00,กรุงไทย,ผัดตอนเช้า,
16/05/2026,รายจ่าย,ค่ารักษาพยาบาล,820.00,กรุงไทย,ขูดหินปูน,
16/05/2026,รายจ่าย,ค่าอาหาร,222.00,กรุงไทย,ก๋วยเตี๋ยวเรือ,
17/05/2026,รายจ่าย,หนังสือ,440.00,กรุงไทย,หนังสือ,
17/05/2026,รายจ่าย,ของใช้ในบ้าน/ส่วนตัว,52.00,กรุงไทย,ท่อน้ำทิ้ง,
17/05/2026,รายจ่าย,ค่าอาหาร,478.00,กรุงไทย,เชสเตอร์กริลล์,
17/05/2026,รายจ่าย,ค่าอาหาร,100.00,กรุงไทย,ไก่จ้อ,
17/05/2026,รายจ่าย,หนังสือ,258.40,กรุงไทย,หนังสือ,
18/05/2026,รายจ่าย,ค่าอาหาร,130.00,กรุงไทย,ข้าวมันไก่,
18/05/2026,รายจ่าย,ค่าอาหาร,30.00,กรุงไทย,กล้วยแขก,
18/05/2026,รายจ่าย,ค่าอาหาร,150.00,เงินสด,กับข้าวเช้า,
18/05/2026,รายจ่าย,ค่าอาหาร,40.00,เงินสด,ขนมเบื้อง,
18/05/2026,รายรับ,เงินปันผล,"2,700.00",กรุงเทพ,LANNA,
18/05/2026,บิล,ค่าอินเทอร์เน็ต,642.00,บัตรเครดิตกรุงศรี,เน็ตบ้าน,
18/05/2026,บิล,ค่าอินเทอร์เน็ต,240.75,บัตรเครดิตกรุงศรี,โทรศัพท์พลอย,
18/05/2026,บิล,ค่าอินเทอร์เน็ต,319.93,บัตรเครดิตกรุงศรี,โทรศัพท์พ่อ,
19/05/2026,รายจ่าย,ค่าอาหาร,50.00,กรุงไทย,ข้าวเช้า,
19/05/2026,รายรับ,เงินปันผล,"5,040.00",กรุงเทพ,QH,
19/05/2026,รายจ่าย,รายจ่ายอื่นๆ,15.00,กรุงเทพ,ค่าธรรมเนียม,
19/05/2026,รายรับ,เงินปันผล,225.00,ไทยพาณิชย์,HANA,
19/05/2026,รายจ่าย,ค่าอาหาร,45.00,กรุงไทย,ก๋วยเตี๋ยว,
19/05/2026,รายจ่าย,ค่าอาหาร,100.00,กรุงไทย,สาคู,
19/05/2026,รายจ่าย,ค่าอาหาร,60.00,กรุงไทย,แร็ป,
19/05/2026,รายจ่าย,ค่าอาหาร,50.00,กรุงไทย,หอยจ้อ,
19/05/2026,รายจ่าย,ค่าอาหาร,90.00,กรุงไทย,ยาคููล,
19/05/2026,รายจ่าย,ค่าอาหาร,70.00,กรุงไทย,น้ำตก,
20/05/2026,รายรับ,เงินปันผล,972.00,กรุงเทพ,HTC,
20/05/2026,รายรับ,เงินปันผล,"7,344.00",กรุงเทพ,LH,
20/05/2026,รายรับ,เงินปันผล,"2,880.00",กรุงเทพ,SIRI,
20/05/2026,รายรับ,เงินปันผล,61.56,ไทยพาณิชย์,BJCHI_Fin,
20/05/2026,รายจ่าย,ค่าอาหาร,64.00,Truemoney,แซมวิส,
20/05/2026,รายจ่าย,ของใช้ในบ้าน/ส่วนตัว,684.75,กรุงไทย,Lotus,
21/05/2026,รายจ่าย,ค่าอาหาร,50.00,กรุงไทย,ข้าวเช้า,
21/05/2026,รายจ่าย,ค่าอาหาร,140.00,กรุงไทย,ลูกชิ้น,
21/05/2026,รายรับ,เงินปันผล,"5,148.00",กรุงเทพ,AP,
21/05/2026,รายจ่าย,ค่าอาหาร,60.00,กรุงไทย,ข้าวหมูแดง,
21/05/2026,รายจ่าย,ค่าอาหาร,30.00,กรุงไทย,แคลตาลูป,
21/05/2026,รายจ่าย,ค่าอาหาร,100.00,กรุงไทย,เมียงคำ,
21/05/2026,โอนระหว่างบัญชี,โอนเงิน,200.00,กรุงไทย,,Truemoney
21/05/2026,บิล,สมัครสมาชิก,80.00,Truemoney,ลงทุนอเมริกา,
21/05/2026,รายจ่าย,ของใช้ในบ้าน/ส่วนตัว,448.00,บัตรเครดิตกรุงศรี,ดอกสว่าน,
22/05/2026,รายจ่าย,ค่าอาหาร,28.00,กรุงไทย,ข้อต่อน้ำประปา,
22/05/2026,รายจ่าย,ค่าอาหาร,120.00,กรุงไทย,ข้าวมันไก่,
22/05/2026,รายจ่าย,ค่าอาหาร,45.00,กรุงไทย,น้ำปั๊น,
22/05/2026,รายจ่าย,ค่าอาหาร,30.00,กรุงไทย,ข้้าวเปล่า,
22/05/2026,รายจ่าย,ค่าอาหาร,90.00,กรุงไทย,หมูแดดเดียว,
22/05/2026,รายจ่าย,ค่าอาหาร,10.00,กรุงไทย,ข้าวเหนียว,
22/05/2026,รายจ่าย,ค่าอาหาร,155.00,เงินสด,กับข้าว,
22/05/2026,รายรับ,เงินปันผล,742.50,กรุงเทพ,CPALL,
22/05/2026,รายจ่าย,ให้/พ่อ/แม่/ลูก,"5,000.00",กรุงไทย,ชุดรับปริญญา สอบ toeic,
23/05/2026,โอนระหว่างบัญชี,โอนเงิน,14.67,-,ปิดบัญชี กรุงไทย,ไทยพาณิชย์
23/05/2026,รายจ่าย,ค่าอาหาร,314.80,บัตรเครดิตกรุงศรี,ส้มตำ,
25/05/2026,รายจ่าย,ค่าอาหาร,389.30,บัตรเครดิตกรุงศรี,สเต็ก lineman,
25/05/2026,รายจ่าย,ของใช้ในบ้าน/ส่วนตัว,308.00,บัตรเครดิตกรุงศรี,เครื่องฟังทะลุกำแพง,
25/05/2026,รายจ่าย,ของใช้ในบ้าน/ส่วนตัว,256.00,บัตรเครดิตกรุงศรี,ข้อต่อ หัวพ่นหมอก,
26/05/2026,รายรับ,เงินเดือน,"103,250.00",กรุงไทย,เงินเดือน,
26/05/2026,รายรับ,เงินเดือน,"11,720.00",กรุงไทย,ตกเบิกเงินเดือน,
26/05/2026,รายจ่าย,ภาษี,"9,794.90",กรุงไทย,ภาษี,
26/05/2026,เงินออมและลงทุน,กองทุนสำรองเลี้ยงชีพ,"17,245.50",กรุงไทย,กองทุน PVD,
26/05/2026,รายจ่าย,ค่าฌาปณกิจ,135.00,กรุงไทย,ฌสศ.,
26/05/2026,เงินออมและลงทุน,ออมทรัพย์ สอท,"10,000.00",กรุงไทย,ออมทรัพย์ สอท,ออมทรัพย์ สอท
26/05/2026,เงินออมและลงทุน,ทุนเรือนหุ้น สอท,"8,000.00",กรุงไทย,ทุน สอท,
26/05/2026,รายจ่าย,ค่าอาหาร,55.00,กรุงไทย,ข้าวเช้า,
26/05/2026,รายจ่าย,ค่าอาหาร,50.00,กรุงไทย,ข้าวเที่ยง,
26/05/2026,รายจ่าย,ค่าอาหาร,80.00,กรุงไทย,พริกแกงใต้,
26/05/2026,รายจ่าย,ค่าน้ำมัน,"1,530.00",บัตรเครดิตกรุงไทย,เติมน้ำมันรถ,
26/05/2026,รายจ่าย,ของใช้ในบ้าน/ส่วนตัว,204.00,บัตรเครดิตกรุงศรี,smart Wifi,
27/05/2026,เงินออมและลงทุน,DIME PLOY,"1,000.00",กรุงไทย,Dime Ploy,
27/05/2026,โอนระหว่างบัญชี,โอนเงิน,"5,000.00",กรุงไทย,,กสิกรไทย
27/05/2026,หนี้สิน,ผ่อนคอนโด,"22,000.00",กรุงไทย,สินเชื่อคอนโด,
27/05/2026,บิล,ค่าไฟ,26.34,กรุงไทย,46/318,
27/05/2026,บิล,ค่าไฟ,197.86,กรุงไทย,คอนโด,
27/05/2026,บิล,จ่ายบัตรเครดิต,"44,617.23",กรุงไทย,บัตรเครดิตกรุงศรี,บัตรเครดิตกรุงศรี
27/05/2026,รายจ่าย,ค่าอาหาร,267.00,บัตรเครดิตกรุงศรี,ก๋วยเตี๋ยว,
27/05/2026,รายรับ,เงินปันผล,396.00,กรุงเทพ,DMT,
28/05/2026,รายจ่าย,ค่าอาหาร,55.00,กรุงไทย,ข้าวเช้า,
28/05/2026,รายจ่าย,ค่าอาหาร,105.00,กรุงไทย,กับข้้าวเย็น,
28/05/2026,รายจ่าย,ค่าอาหาร,20.00,เงินสด,ข้าวเปล่า,
28/05/2026,รายจ่าย,ค่าอาหาร,80.00,กรุงไทย,ขนมจีน,
28/05/2026,รายจ่าย,ค่าอาหาร,45.00,กรุงไทย,ก๋วยเตี๋ยวน้ำตก,
28/05/2026,รายจ่าย,ค่าอาหาร,20.00,กรุงไทย,มะละกอ,
28/05/2026,รายจ่าย,ค่าอาหาร,100.00,กรุงไทย,เงาะ,
28/05/2026,รายรับ,เงินปันผล,93.60,ไทยพาณิชย์,AWC,
29/05/2026,รายจ่าย,ค่าอาหาร,258.00,บัตรเครดิตกรุงศรี,ส้มตำ,
30/05/2026,รายจ่าย,ค่าอาหาร,180.00,กรุงไทย,ข้าวเช้า,
30/05/2026,รายจ่าย,ค่าอาหาร,40.00,กรุงไทย,ลูกชิ้น,
31/05/2026,รายจ่าย,ให้/พ่อ/แม่/ลูก,500.00,กรุงไทย,ให้ลูก,
31/05/2026,รายจ่าย,ค่าอาหาร,274.00,กรุงไทย,,
31/05/2026,รายจ่าย,ค่าอาหาร,130.00,กรุงไทย,,
01/06/2026,โอนระหว่างบัญชี,โอนเงิน,"90,000.00",ทหารไทย,,กรุงไทย
02/06/2026,โอนระหว่างบัญชี,โอนเงิน,"80,000.00",กรุงไทย,,ออมทรัพย์ สอท
02/06/2026,รายจ่าย,รายจ่ายอื่นๆ,10.00,กรุงไทย,ค่าธรรมเนียม,
02/06/2026,เงินออมและลงทุน,INOVESTX ROBO,"3,000.00",ไทยพาณิชย์,ROBOT,
03/06/2026,รายจ่าย,ค่าอาหาร,95.00,เงินสด,กับข้าว,
03/06/2026,รายจ่าย,ค่าอาหาร,60.00,เป่าตัง,ข้าวหน้าเป็ด 150,
03/06/2026,รายจ่าย,ค่าอาหาร,18.00,เป่าตัง,น่ำปั้น 45,
03/06/2026,รายจ่าย,ค่าอาหาร,102.00,เป่าตัง,หมูสด 185,
03/06/2026,รายจ่าย,ของใช้ในบ้าน/ส่วนตัว,56.00,บัตรเครดิตกรุงศรี,usb to DC,
03/06/2026,รายจ่าย,ค่าอาหาร,34.00,Truemoney,ซอสแม็กกี้,
03/06/2026,รายจ่าย,ให้/พ่อ/แม่/ลูก,500.00,กรุงไทย,ให้ลูก,
03/06/2026,โอนระหว่างบัญชี,โอนเงิน,200.00,กรุงไทย,,เป่าตัง
03/06/2026,รายจ่าย,ของใช้ในบ้าน/ส่วนตัว,273.00,บัตรเครดิตกรุงศรี,ถ่าย AAA,
04/06/2026,รายจ่าย,ค่าอาหาร,20.00,เป่าตัง,ข้าวเช้า 50,
04/06/2026,รายจ่าย,ให้/พ่อ/แม่/ลูก,500.00,กรุงไทย,ให้ลูก,
04/06/2026,รายจ่าย,ค่าอาหาร,95.00,กรุงไทย,ลูกชิ้น,
04/06/2026,รายจ่าย,ค่าอาหาร,58.00,เป่าตัง,ยาคูล 90,
04/06/2026,รายจ่าย,ค่าอาหาร,48.00,เป่าตัง,หมูสเต็ะ 120,
04/06/2026,รายจ่าย,ค่าอาหาร,20.00,เป่าตัง,ก๋วยจับ 50,
04/06/2026,รายจ่าย,ค่าอาหาร,24.00,เป่าตัง,วุ้น 60,
04/06/2026,รายจ่าย,ค่าอาหาร,100.00,กรุงไทย,แหนม,
04/06/2026,รายรับ,ค่าบ้านเช่า,"4,000.00",ไทยพาณิชย์,ค่าบ้านเช่า 16,
04/06/2026,เงินออมและลงทุน,K+,"5,000.00",กสิกรไทย,ลงทุน K+,
05/06/2026,รายจ่าย,รายจ่ายอื่นๆ,140.00,กรุงไทย,ตัดผม,
05/06/2026,โอนระหว่างบัญชี,โอนเงิน,300.00,กรุงไทย,,เป่าตัง
05/06/2026,รายจ่าย,ค่าอาหาร,44.00,เป่าตัง,เงาะ 110,
05/06/2026,รายจ่าย,ค่าอาหาร,271.00,เป่าตัง,ทุเรียน 405,
05/06/2026,รายจ่าย,ค่าอาหาร,130.00,กรุงไทย,กุ้งสด,
05/06/2026,รายจ่าย,ค่าอาหาร,60.00,กรุงไทย,ชาเขียว,
06/06/2026,โอนระหว่างบัญชี,โอนเงิน,200.00,กรุงไทย,,เป่าตัง
06/06/2026,รายจ่าย,ค่าอาหาร,94.00,เป่าตัง,ข้าวต้ม 235,
07/06/2026,รายจ่าย,ค่าอาหาร,70.00,กรุงไทย,น้ำแข็งใส,
07/06/2026,รายจ่าย,ค่าอาหาร,557.00,กรุงไทย,ยาโยอิ,
07/06/2026,รายจ่าย,ของใช้ในบ้าน/ส่วนตัว,"1,601.00",กรุงไทย,Lotus,
08/06/2026,รายจ่าย,รายจ่ายอื่นๆ,"4,800.00",กรุงไทย,ค่าปลูกปาล์ม,
08/06/2026,รายจ่าย,ให้/พ่อ/แม่/ลูก,200.00,กรุงไทย,ให้ลูก,
08/06/2026,รายจ่าย,ค่าอาหาร,24.00,เป่าตัง,น้ำเต้าหู้ 60,
08/06/2026,รายรับ,ค่าบ้านเช่า,"4,000.00",ไทยพาณิชย์,ค่าบ้านเช่า 18,
09/06/2026,โอนระหว่างบัญชี,โอนเงิน,200.00,กรุงไทย,,เป่าตัง
09/06/2026,รายจ่าย,ค่าอาหาร,20.00,เป่าตัง,ข้าวเช้า 50,
09/06/2026,รายจ่าย,ค่าอาหาร,18.00,เป่าตัง,ก๋วยเตี๋ยว 45,
09/06/2026,รายจ่าย,ค่าอาหาร,65.00,กรุงไทย,วอฟเฟิล,
09/06/2026,รายจ่าย,ค่าอาหาร,32.00,เป่าตัง,แซมวิส 80,
09/06/2026,รายจ่าย,ค่าอาหาร,44.00,เป่าตัง,ปั้นสิบ 110,
09/06/2026,รายจ่าย,ของใช้ในบ้าน/ส่วนตัว,372.00,บัตรเครดิตกรุงศรี,ไขควง,
09/06/2026,รายจ่าย,ค่าน้ำมัน,"1,500.00",บัตรเครดิตกรุงศรี,ค่าน้ำมัน,
10/06/2026,รายจ่าย,ภาษี,"1,920.65",กรุงไทย,ต่อภาษีรถ,
10/06/2026,รายรับ,เงินปันผล,799.92,กรุงเทพ,DIF,
10/06/2026,รายจ่าย,ให้/พ่อ/แม่/ลูก,200.00,กรุงไทย,ให้ลูก,
10/06/2026,รายจ่าย,ของใช้ในบ้าน/ส่วนตัว,50.00,กรุงไทย,กล่องฟิว,
10/06/2026,รายจ่าย,รายจ่ายอื่นๆ,50.00,กรุงไทย,เสื้อลูก,
11/06/2026,รายจ่าย,ค่าอาหาร,22.00,เป่าตัง,ข้าวเช้า 55,
11/06/2026,รายจ่าย,ค่าอาหาร,145.00,กรุงไทย,กับข้าว,
11/06/2026,รายจ่าย,ค่าอาหาร,50.00,กรุงไทย,ปั้ลาดุกทอด,
11/06/2026,รายจ่าย,ค่าอาหาร,60.00,กรุงไทย,หมูชะม่วง,
11/06/2026,รายจ่าย,ค่าอาหาร,170.00,กรุงไทย,ผลไม้,
11/06/2026,รายจ่าย,ค่าอาหาร,50.00,กรุงไทย,บ๊วย,
11/06/2026,รายรับ,เงินปันผล,401.40,กรุงเทพ,DMT,
12/06/2026,รายรับ,เงินปันผล,135.00,ไทยพาณิชย์,PSL,
12/06/2026,รายจ่าย,ของใช้ในบ้าน/ส่วนตัว,80.00,กรุงไทย,ทำกระเป๋า,
13/06/2026,รายจ่าย,ค่าอาหาร,285.00,กรุงไทย,ก๋วยเตี๋ยวเรือ,
14/06/2026,บิล,ค่าน้ำ,32.10,กรุงไทย,ค่่าน้ำ 318,
14/06/2026,บิล,ค่าน้ำ,261.08,กรุงไทย,ค่่าน้ำ 316,
14/06/2026,รายจ่าย,ของใช้ในบ้าน/ส่วนตัว,288.00,บัตรเครดิตกรุงศรี,สาย HDMI,
14/06/2026,รายจ่าย,ค่าอาหาร,325.00,บัตรเครดิตกรุงศรี,เชสเตอร์กริลล์,
15/06/2026,รายจ่าย,ของใช้ในบ้าน/ส่วนตัว,"2,044.00",บัตรเครดิตกรุงศรี,power supply,
15/06/2026,รายจ่าย,ค่าอาหาร,194.00,บัตรเครดิตกรุงศรี,line man ก๋วยเตี๋ยวเรือ,
15/06/2026,รายจ่าย,รายจ่ายอื่นๆ,120.00,เป่าตัง,หวย N3,
15/06/2026,รายจ่าย,ของใช้ในบ้าน/ส่วนตัว,34.38,Truemoney,กล่่องแบต,
15/06/2026,รายรับ,เงินปันผล,422.25,กสิกรไทย,usa,
16/06/2026,รายจ่าย,ค่าอาหาร,36.00,เป่าตัง,55,
16/06/2026,โอนระหว่างบัญชี,โอนเงิน,240.00,กรุงไทย,,เป่าตัง
16/06/2026,รายจ่าย,รายจ่ายอื่นๆ,240.00,เป่าตัง,สลาก,
16/06/2026,รายจ่าย,ค่าอาหาร,50.00,กรุงไทย,ผัดหมี่,
16/06/2026,รายจ่าย,ค่าอาหาร,112.00,กรุงไทย,ฝรั่ง,
16/06/2026,รายจ่าย,ค่าอาหาร,100.00,กรุงไทย,ขนมสาคู,
16/06/2026,รายจ่าย,ค่าอาหาร,108.00,กรุงไทย,ยาคลู,
16/06/2026,รายจ่าย,รายจ่ายอื่นๆ,150.00,กรุงไทย,คืนค่ารักษาฟัน,
16/06/2026,รายจ่าย,ค่าอาหาร,30.00,กรุงไทย,ข้าวต้มมัด,
16/06/2026,รายรับ,เงินปันผล,"1,174.50",กรุงเทพ,PROSPECT,
17/06/2026,รายจ่าย,ค่าอาหาร,982.00,กรุงไทย,MK,
17/06/2026,รายจ่าย,ของใช้ในบ้าน/ส่วนตัว,819.50,กรุงไทย,LOTUS,
18/06/2026,รายจ่าย,ค่าอาหาร,50.00,กรุงไทย,ข้าวเช้า,
18/06/2026,รายจ่าย,ค่าอาหาร,110.00,กรุงไทย,ทิชชูเปียก,
18/06/2026,รายจ่าย,ค่าอาหาร,65.00,กรุงไทย,เกาเหลา,
18/06/2026,รายจ่าย,ค่าอาหาร,100.00,กรุงไทย,น้ำตาลปี๊บ,
18/06/2026,บิล,ค่าอินเทอร์เน็ต,642.00,บัตรเครดิตกรุงศรี,เน็ตบ้าน,
18/06/2026,บิล,ค่าโทรศัพท์,256.80,บัตรเครดิตกรุงศรี,โทรศัพท์ พลอย,
18/06/2026,บิล,ค่าโทรศัพท์,107.00,กรุงไทย,โทรศัพท์บ้าน,
18/06/2026,บิล,จ่ายบัตรเครดิต,"1,530.00",กรุงไทย,จ่ายบัตรกรุงไทย,บัตรเครดิตกรุงไทย
18/06/2026,รายจ่าย,ค่าอาหาร,15.00,กรุงไทย,ขนจีน,
18/06/2026,รายจ่าย,ค่าอาหาร,380.00,กรุงไทย,ทุเรียน,
18/06/2026,รายจ่าย,ค่าอาหาร,60.00,กรุงไทย,ปลานิล,
18/06/2026,รายจ่าย,ค่าอาหาร,40.00,กรุงไทย,ปลากรอบ,
18/06/2026,บิล,ค่าโทรศัพท์,319.93,บัตรเครดิตกรุงศรี,โทรศัพท์ DTAC,
18/06/2026,รายจ่าย,รายจ่ายอื่นๆ,15.00,กรุงเทพ,ค่าธรรมเนียม,
18/06/2026,รายจ่าย,ค่าอาหาร,508.00,บัตรเครดิตกรุงศรี,pizza,
19/06/2026,รายจ่าย,ของใช้ในบ้าน/ส่วนตัว,40.00,บัตรเครดิตกรุงศรี,foil,
19/06/2026,รายรับ,เงินปันผล,337.50,กรุงเทพ,WHABT,
19/06/2026,รายรับ,เงินปันผล,180.00,กรุงเทพ,IMPACT,
19/06/2026,รายรับ,ดอกเบี้ย,28.11,กสิกรไทย,ดอกเบี้ย,
20/06/2026,รายจ่าย,ค่าอาหาร,90.00,กรุงไทย,ก๋วยเตี๋ยวเรือ,
20/06/2026,รายจ่าย,ค่าอาหาร,100.00,กรุงไทย,กล้วยทอด,
20/06/2026,รายจ่าย,ค่าอาหาร,"1,529.00",กรุงไทย,golden place,
21/06/2026,รายจ่าย,ค่าอาหาร,238.00,บัตรเครดิตกรุงศรี,Mcnoald,
21/06/2026,รายรับ,รายได้อื่นๆ,"21,200.00",กรุงไทย,สวนยาง ปาล์ม,
21/06/2026,รายจ่าย,ค่าอาหาร,212.15,กรุงไทย,ปลาหมึก TIKTOK,
21/06/2026,รายจ่าย,รายจ่ายอื่นๆ,80.00,Truemoney,สมัคร หุ้นอเมริกา,
22/06/2026,รายจ่าย,ค่าอาหาร,317.00,บัตรเครดิตกรุงศรี,กล้องตุ๊กตา,
22/06/2026,รายจ่าย,ค่าอาหาร,357.00,บัตรเครดิตกรุงศรี,KFC,
22/06/2026,รายจ่าย,ค่าอาหาร,152.00,บัตรเครดิตกรุงศรี,เมาส์,
23/06/2026,รายจ่าย,ค่าอาหาร,55.00,กรุงไทย,ข้าวเช้า,
23/06/2026,รายจ่าย,ค่าอาหาร,55.00,กรุงไทย,กับข้าว,
23/06/2026,รายจ่าย,ค่าอาหาร,60.00,กรุงไทย,บะหมี่แห้ง,
23/06/2026,รายจ่าย,ค่าอาหาร,95.00,กรุงไทย,กับข้้าว,
23/06/2026,รายจ่าย,ค่าอาหาร,30.00,กรุงไทย,ชมพู,
23/06/2026,รายจ่าย,ค่าอาหาร,45.00,กรุงไทย,หลอดน้ำ,
23/06/2026,รายจ่าย,ค่าอาหาร,120.00,กรุงไทย,หมูสเต๊ะ,
23/06/2026,รายจ่าย,ค่าอาหาร,50.00,กรุงไทย,เล้ง,
23/06/2026,รายจ่าย,ให้/พ่อ/แม่/ลูก,150.00,กรุงไทย,ให้ลูก,
24/06/2026,รายจ่าย,ค่าอาหาร,138.00,บัตรเครดิตกรุงศรี,น้ำชาเขียว,
25/06/2026,รายจ่าย,ค่าอาหาร,50.00,กรุงไทย,ข้าวเช้า,
25/06/2026,รายจ่าย,ให้/พ่อ/แม่/ลูก,500.00,กรุงไทย,ให้ลูก,
25/06/2026,รายจ่าย,ค่าอาหาร,50.00,กรุงไทย,ก๋วยจับ,
25/06/2026,รายจ่าย,ค่าอาหาร,110.00,กรุงไทย,ปลาแซลมอล,
25/06/2026,รายจ่าย,ค่าอาหาร,30.00,กรุงไทย,ไข่หงส์,
25/06/2026,รายจ่าย,ค่าน้ำมัน,"1,180.00",บัตรเครดิตกรุงศรี,น้ำมัน,
25/06/2026,รายรับ,ดอกเบี้ย,63.05,ไทยพาณิชย์,ดอกเบี้ย,
25/06/2026,รายรับ,ดอกเบี้ย,33.73,กรุงเทพ,ดอกเบี้ย,
26/06/2026,รายรับ,เงินเดือน,"103,250.00",กรุงไทย,เงินเดือน,
26/06/2026,รายจ่าย,ภาษี,"7,802.50",กรุงไทย,ภาษี,
26/06/2026,เงินออมและลงทุน,กองทุนสำรองเลี้ยงชีพ,"15,487.50",กรุงไทย,กองทุน PVD,
26/06/2026,รายจ่าย,ค่าฌาปณกิจ,145.00,กรุงไทย,ค่าฌาปณกิจ,
26/06/2026,เงินออมและลงทุน,ออมทรัพย์ สอท,"10,000.00",กรุงไทย,ออมทรัพย์ สอท,ออมทรัพย์ สอท
26/06/2026,เงินออมและลงทุน,ทุนเรือนหุ้น สอท,"8,000.00",กรุงไทย,ทุน สอท,
26/06/2026,รายจ่าย,ค่าอาหาร,100.00,เงินสด,น้ำดืม,
26/06/2026,รายจ่าย,ของใช้ในบ้าน/ส่วนตัว,"3,218.00",บัตรเครดิตกรุงศรี,เลือยชัก,
26/06/2026,รายจ่าย,ของใช้ในบ้าน/ส่วนตัว,265.00,บัตรเครดิตกรุงศรี,ใบเลือยชัก,
26/06/2026,รายรับ,เงินปันผล,297.00,กรุงเทพ,ALLY,
27/06/2026,เงินออมและลงทุน,DIME PLOY,"1,000.00",กรุงไทย,Dime Ploy,
27/06/2026,โอนระหว่างบัญชี,โอนเงิน,"5,000.00",กรุงไทย,,กสิกรไทย
27/06/2026,หนี้สิน,ผ่อนคอนโด,"22,000.00",กรุงไทย,ผ่อนคอนโด,
27/06/2026,รายจ่าย,ค่าอาหาร,50.00,กรุงไทย,ขนม,
27/06/2026,รายรับ,รายได้อื่นๆ,8.00,บัตรเครดิตกรุงศรี,คืนค่าน้ำมัน,
27/06/2026,บิล,ค่าไฟ,26.34,กรุงไทย,46/318,
27/06/2026,บิล,ค่าไฟ,329.25,กรุงไทย,คอนโด,
27/06/2026,บิล,จ่ายบัตรเครดิต,"11,281.82",กรุงไทย,จ่่ายบัตร,
28/06/2026,รายจ่าย,ให้/พ่อ/แม่/ลูก,500.00,กรุงไทย,ให้ลูก,
28/06/2026,รายจ่าย,ค่าอาหาร,372.00,กรุงไทย,ทุเรียน,
29/06/2026,รายจ่าย,ค่าอาหาร,60.00,กรุงไทย,ข้าวเหนียวไก่,
29/06/2026,รายจ่าย,ค่าอาหาร,60.00,กรุงไทย,ต้มเลือดหมู,
29/06/2026,รายจ่าย,ค่าอาหาร,100.00,กรุงไทย,ข้าวมันไก่,
29/06/2026,รายจ่าย,ค่าอาหาร,90.00,กรุงไทย,หมููสับ,
29/06/2026,รายจ่าย,ค่าอาหาร,97.00,กรุงไทย,หมู,
29/06/2026,รายจ่าย,ค่าอาหาร,70.00,กรุงไทย,ขนมหวาน,
29/06/2026,รายจ่าย,ค่าอาหาร,100.00,กรุงไทย,ขาหมู,
30/06/2026,รายจ่าย,ค่าอาหาร,50.00,กรุงไทย,ข้าวเช้า,
30/06/2026,รายจ่าย,ค่าอาหาร,50.00,กรุงไทย,ผัดหมี่ี่,
30/06/2026,รายจ่าย,ค่าอาหาร,25.00,กรุงไทย,แคตาลูป,
30/06/2026,รายจ่าย,ค่าอาหาร,35.00,กรุงไทย,ปลาหวาน,
30/06/2026,รายจ่าย,ค่าอาหาร,112.50,กรุงไทย,ขนมการบินไทย,
30/06/2026,รายจ่าย,ค่าอาหาร,95.00,กรุงไทย,belline,
01/07/2026,รายจ่าย,ค่าอาหาร,128.00,กรุงไทย,ปลาหวาน,
01/07/2026,รายจ่าย,ค่าอาหาร,50.00,กรุงไทย,ข้าวเช้า,
01/07/2026,รายจ่าย,ค่าอาหาร,50.00,กรุงไทย,เย็นตาโฟ,
01/07/2026,โอนระหว่างบัญชี,โอนเงิน,500.00,กรุงไทย,,เป่าตัง
01/07/2026,รายจ่าย,ของใช้ในบ้าน/ส่วนตัว,48.00,เป่าตัง,โรออน 120,
01/07/2026,รายรับ,ดอกเบี้ย,58.14,กรุงไทย,ดอกเบี้ย,
01/07/2026,รายจ่าย,ให้/พ่อ/แม่/ลูก,"1,000.00",กรุงไทย,,
01/07/2026,รายจ่าย,ของใช้ในบ้าน/ส่วนตัว,"2,959.00",บัตรเครดิตกรุงศรี,เลื่อยชัก,
01/07/2026,เงินออมและลงทุน,INOVESTX ROBO,"3,000.00",ไทยพาณิชย์,ลงทุน,
01/07/2026,รายรับ,ดอกเบี้ย,"3,242.57",ออมทรัพย์ สอท,ดอกเบี้ย,
02/07/2026,รายจ่าย,ของใช้ในบ้าน/ส่วนตัว,29.00,เงินสด,น็อต,
02/07/2026,รายจ่าย,ค่าอาหาร,277.00,เป่าตัง,สเต็ก 477,
03/07/2026,รายจ่าย,ค่าอาหาร,22.00,เป่าตัง,ข้าวเช้า 55,
03/07/2026,รายจ่าย,ค่าอาหาร,22.00,เป่าตัง,55,
03/07/2026,รายจ่าย,ค่าอาหาร,22.00,เป่าตัง,ปอเปี็ยสด 55,
03/07/2026,รายจ่าย,ค่าอาหาร,24.00,เป่าตัง,มาม่า 60,
03/07/2026,รายจ่าย,ค่าอาหาร,24.00,เป่าตัง,หมูปิ้ง 60,
03/07/2026,รายจ่าย,ค่าอาหาร,21.00,เป่าตัง,สาคู 50,
03/07/2026,รายรับ,ค่าบ้านเช่า,"4,000.00",ไทยพาณิชย์,ค่าบ้านเช่า 16,
04/07/2026,รายรับ,รายได้อื่นๆ,"3,218.00",บัตรเครดิตกรุงศรี,คืนเงืน,
04/07/2026,รายจ่าย,ของใช้ในบ้าน/ส่วนตัว,381.00,บัตรเครดิตกรุงศรี,ล้อ,
04/07/2026,โอนระหว่างบัญชี,โอนเงิน,500.00,กรุงไทย,,เป่าตัง
05/07/2026,รายจ่าย,ค่าอาหาร,77.60,เป่าตัง,194,
05/07/2026,รายจ่าย,ค่าอาหาร,40.00,เป่าตัง,ข้าวหน้าเป็ด 100,
05/07/2026,รายจ่าย,ค่าอาหาร,40.00,เป่าตัง,ข้าวมันไทย 100,
05/07/2026,รายจ่าย,ค่าอาหาร,28.00,เป่าตัง,หมูตุ่น 70,
05/07/2026,รายจ่าย,ค่าอาหาร,14.00,เป่าตัง,ชาไทย 35,
05/07/2026,รายจ่าย,ค่าอาหาร,60.00,กรุงไทย,ไก่ทอด,
05/07/2026,รายจ่าย,ค่าอาหาร,30.00,กรุงไทย,ข้าวเปล่า,
05/07/2026,รายจ่าย,ค่าอาหาร,40.00,กรุงไทย,ขนมหวาน,
06/07/2026,รายจ่าย,ค่าอาหาร,22.00,เป่าตัง,ข้าวเช้า 55,
06/07/2026,รายจ่าย,ค่าอาหาร,500.00,กรุงไทย,พุทธา,
06/07/2026,รายจ่าย,ค่าอาหาร,36.00,เป่าตัง,ก๋วยเตี๋ยวเรือ 90,
06/07/2026,รายจ่าย,ค่าอาหาร,24.00,เป่าตัง,ข้าวคลุกกะปิ 60,
06/07/2026,รายจ่าย,ค่าอาหาร,36.00,เป่าตัง,ยาคูล 90,
06/07/2026,รายจ่าย,ค่าอาหาร,22.00,เป่าตัง,ขนมแฮม 45,
06/07/2026,รายรับ,ค่าบ้านเช่า,"4,000.00",ไทยพาณิชย์,ค่าบ้านเช่า 18,
06/07/2026,เงินออมและลงทุน,Finnomena,"2,000.00",กรุงเทพ,ก๋องทุน FIN,
06/07/2026,เงินออมและลงทุน,K+,"5,000.00",กสิกรไทย,ลงทุน K+,
07/07/2026,รายจ่าย,ของใช้ในบ้าน/ส่วนตัว,"1,600.75",กรุงไทย,lotus,
08/07/2026,รายจ่าย,ค่าอาหาร,21.40,เป่าตัง,ข้าวเช้า 50,
08/07/2026,รายจ่าย,ค่าอาหาร,50.00,กรุงไทย,เกี๋ยวน้ำ,
08/07/2026,รายจ่าย,ค่าอาหาร,69.00,กรุงไทย,ไก่่ฉีก,
08/07/2026,รายจ่าย,ค่าอาหาร,188.00,กรุงไทย,ขนมจีน ลูกชุบ แหนมเนือง,
08/07/2026,รายจ่าย,ค่าอาหาร,100.00,กรุงไทย,แตงทิเบต,
09/07/2026,รายจ่าย,รายจ่ายอื่นๆ,845.00,กรุงไทย,ค่่าปุ๋ย ปาล์ม,
10/07/2026,รายจ่าย,ค่าอาหาร,55.00,กรุงไทย,ข้าวเช้า,
10/07/2026,รายจ่าย,ค่าอาหาร,50.00,กรุงไทย,ก๋วยเตี๋ยว,
10/07/2026,รายจ่าย,ค่าอาหาร,55.00,กรุงไทย,หมููทอด,
10/07/2026,รายจ่าย,ค่าอาหาร,25.00,กรุงไทย,ขนมปัง,
10/07/2026,รายจ่าย,ค่าอาหาร,20.00,กรุงไทย,แตงโม,
10/07/2026,รายจ่าย,ค่าอาหาร,25.00,กรุงไทย,กระดาษรองหม้อทอด,
10/07/2026,รายจ่าย,ค่าอาหาร,130.00,กรุงไทย,bellinee,
10/07/2026,รายจ่าย,รายจ่ายอื่นๆ,200.00,เป่าตัง,หวย N3,
11/07/2026,รายจ่าย,ค่าอาหาร,585.00,กรุงไทย,ช้าวเที่ยง,
11/07/2026,รายจ่าย,รายจ่ายอื่นๆ,377.00,บัตรเครดิตกรุงศรี,ของใช้,
11/07/2026,รายจ่าย,ค่าน้ำมัน,"1,340.00",บัตรเครดิตกรุงศรี,ค่าน้ำมัน,
12/07/2026,รายจ่าย,ค่าอาหาร,329.00,บัตรเครดิตกรุงศรี,chester,
12/07/2026,บิล,ค่าน้ำ,32.10,กรุงไทย,บ้าน 318,
12/07/2026,บิล,ค่าน้ำ,332.77,กรุงไทย,บ้าน 316,
12/07/2026,รายรับ,รายได้อื่นๆ,8.00,บัตรเครดิตกรุงศรี,คืนค่าน้ำมัน,
13/07/2026,รายจ่าย,ค่าอาหาร,55.00,กรุงไทย,ข้าวเช้า,
13/07/2026,รายจ่าย,ค่าอาหาร,50.00,กรุงไทย,ปลาดุก,
13/07/2026,รายจ่าย,ค่าอาหาร,50.00,กรุงไทย,เย็นโตโฟ,
13/07/2026,รายจ่าย,ค่าอาหาร,98.00,กรุงไทย,ฝรั่ง,
14/07/2026,รายจ่าย,ค่าอาหาร,60.00,กรุงไทย,ข้าวเหนียว,
14/07/2026,รายจ่าย,ค่าอาหาร,30.00,กรุงไทย,ข้าวเปล่่า,
14/07/2026,รายจ่าย,ค่าอาหาร,96.00,กรุงไทย,ขนมหวาน,
14/07/2026,รายจ่าย,ค่าอาหาร,160.00,กรุงไทย,หมูสด,
14/07/2026,รายจ่าย,ค่าอาหาร,60.00,กรุงไทย,เกาเหลาหมู,
14/07/2026,รายจ่าย,ค่าอาหาร,150.00,กรุงไทย,ขาหมู,
15/07/2026,รายจ่าย,ค่าอาหาร,55.00,กรุงไทย,ข้าวเช้า,
15/07/2026,รายรับ,เงินคืน NT,"1,520.00",กรุงไทย,ทำฟัน ยุ้ย,
15/07/2026,รายจ่าย,ให้/พ่อ/แม่/ลูก,500.00,กรุงไทย,ให้ลูก,
15/07/2026,รายจ่าย,ค่ารักษาพยาบาล,"1,520.00",กรุงไทย,ทำฟัน ยุ้ย,
15/07/2026,รายรับ,เงินปันผล,383.40,กรุงเทพ,PROSPECT,
15/07/2026,รายจ่าย,ค่าอาหาร,100.00,กรุงไทย,หมี่แดง,
15/07/2026,รายจ่าย,ค่าอาหาร,50.00,กรุงไทย,เกี๊ยวนัำ,
16/07/2026,รายจ่าย,ค่ารักษาพยาบาล,80.00,กรุงไทย,ยาแก้ไอ,
17/07/2026,รายจ่าย,ค่าอาหาร,130.00,เงินสด,bellinee,
17/07/2026,รายจ่าย,ค่าอาหาร,80.00,กรุงไทย,ข้าวเช้า,
17/07/2026,รายจ่าย,ค่าอาหาร,200.00,กรุงไทย,ผลไม้ องุ่น,
17/07/2026,รายจ่าย,ค่าอาหาร,60.00,กรุงไทย,หมี่่หมูแดง,
17/07/2026,รายจ่าย,ค่าอาหาร,25.00,กรุงไทย,แคตาลูป,
17/07/2026,รายจ่าย,ค่าอาหาร,150.00,กรุงไทย,ขนมจีนซาวน้ำ,
18/07/2026,รายจ่าย,รายจ่ายอื่นๆ,60.00,กรุงไทย,ทายบอล,
18/07/2026,บิล,ค่าน้ำ,20.00,กรุงไทย,คอนโด,
18/07/2026,บิล,ค่าโทรศัพท์,107.00,กรุงไทย,บ้าน,
18/07/2026,บิล,ค่าอินเทอร์เน็ต,642.00,บัตรเครดิตกรุงศรี,เน็ตบ้าน,
18/07/2026,บิล,ค่าโทรศัพท์,240.75,บัตรเครดิตกรุงศรี,มือถือพลอย,
18/07/2026,บิล,ค่าโทรศัพท์,319.93,บัตรเครดิตกรุงศรี,มือถือพ่อ,
18/07/2026,รายจ่าย,รายจ่ายอื่นๆ,480.00,เงินสด,ถังแก๊ส,
18/07/2026,รายจ่าย,รายจ่ายอื่นๆ,15.00,กรุงเทพ,ค่าธรรมเนียม,
18/07/2026,รายจ่าย,ค่าอาหาร,353.40,บัตรเครดิตกรุงศรี,lineman,
18/07/2026,รายจ่าย,ค่าอาหาร,147.00,บัตรเครดิตกรุงศรี,lineman,
19/07/2026,โอนระหว่างบัญชี,โอนเงิน,"1,900.00",กรุงไทย,,เงินสด
19/07/2026,รายจ่าย,ค่าอาหาร,50.00,กรุงไทย,เกาเหลาหมู,
19/07/2026,รายจ่าย,ค่าอาหาร,40.00,กรุงไทย,ขนมเบื้อง,
19/07/2026,รายจ่าย,ค่าอาหาร,195.00,กรุงไทย,กับข้าวเย็น,
19/07/2026,รายจ่าย,ค่าอาหาร,130.00,กรุงไทย,ข้าวกะเพาะ,
19/07/2026,รายจ่าย,ค่าอาหาร,90.00,กรุงไทย,หมูแดดเดียว,
19/07/2026,รายจ่าย,ค่าอาหาร,40.00,กรุงไทย,ข้าวเปล่า,
19/07/2026,รายจ่าย,ค่าอาหาร,50.00,กรุงไทย,ข้าวโพคทอด,
20/07/2026,รายรับ,รายได้อื่นๆ,"28,618.20",กรุงไทย,โอนขอทุนปาล์ม,
20/07/2026,รายจ่าย,ค่าอาหาร,50.00,กรุงไทย,ข้าวเช้า,
20/07/2026,รายรับ,เงินปันผล,"1,339.20",กรุงเทพ,VAYU1,
20/07/2026,รายจ่าย,ค่าอาหาร,100.00,กรุงไทย,ผัดซีอิ๋ว,
20/07/2026,รายจ่าย,ค่าอาหาร,90.00,กรุงไทย,ยาคูล,
20/07/2026,รายจ่าย,ค่าอาหาร,25.00,กรุงไทย,แคลตาลูป,
20/07/2026,รายรับ,รายได้อื่นๆ,863.00,เป่าตัง,ถูกหวย N3,
20/07/2026,รายจ่าย,รายจ่ายอื่นๆ,5.00,เป่าตัง,ค่าธรรมเนียม,
20/07/2026,รายจ่าย,ค่าอาหาร,50.00,กรุงไทย,ไส้กรอก,
20/07/2026,รายจ่าย,ค่าอาหาร,145.00,กรุงไทย,ไก่ทอดหาดใหญ่,
20/07/2026,รายจ่าย,ค่าอาหาร,55.00,กรุงไทย,ทาโกะ,
20/07/2026,รายจ่าย,ค่าอาหาร,35.00,กรุงไทย,น้ำแตงโม,
21/07/2026,รายรับ,โบนัส,"80,256.00",กรุงไทย,โบนัส,
21/07/2026,รายจ่าย,ให้/พ่อ/แม่/ลูก,"5,000.00",กรุงไทย,ให้ยุ้ย,
21/07/2026,รายจ่าย,ให้/พ่อ/แม่/ลูก,"5,000.00",กรุงไทย,ให้ลูก,
21/07/2026,รายจ่าย,รายจ่ายอื่นๆ,151.88,กรุงไทย,เสื้อแม่,
21/07/2026,รายจ่าย,ให้/พ่อ/แม่/ลูก,"2,000.00",กรุงไทย,ให้แพร,
22/07/2026,รายจ่าย,ค่าอาหาร,50.00,กรุงไทย,ข้าวเช้า,
22/07/2026,โอนระหว่างบัญชี,โอนเงิน,"50,000.00",กรุงไทย,,ไทยพาณิชย์
22/07/2026,เงินออมและลงทุน,INOVESTX RMF,"50,000.00",ไทยพาณิชย์,ซื้อ K-SFRMF,
22/07/2026,รายจ่าย,ค่าอาหาร,50.00,กรุงไทย,ผัดหมี่,
22/07/2026,รายจ่าย,ค่าอาหาร,47.00,กรุงไทย,ขนมปัง,
22/07/2026,รายจ่าย,ค่าอาหาร,25.00,กรุงไทย,กล้วยต้ม,
22/07/2026,รายจ่าย,ค่าอาหาร,312.00,กรุงไทย,,
22/07/2026,เงินออมและลงทุน,Finnomena,"5,000.00",กรุงเทพ,SCBGOLDH,
24/07/2026,รายรับ,เงินเดือน,"103,250.00",กรุงไทย,เงินเดือน,
24/07/2026,รายจ่าย,ภาษี,"7,802.50",กรุงไทย,ภาษี,
24/07/2026,เงินออมและลงทุน,ออมทรัพย์ สอท,"10,000.00",กรุงไทย,ออมทรัพย์ สอท,ออมทรัพย์ สอท
24/07/2026,เงินออมและลงทุน,ทุนเรือนหุ้น สอท,"8,000.00",กรุงไทย,ทุน สอท,
24/07/2026,เงินออมและลงทุน,กองทุนสำรองเลี้ยงชีพ,"15,487.50",กรุงไทย,กองทุน PVD,
24/07/2026,รายจ่าย,ค่าฌาปณกิจ,80.00,กรุงไทย,ฌสศ.,
24/07/2026,รายจ่าย,ค่าอาหาร,50.00,กรุงไทย,ข้าวเช้า,
24/07/2026,รายจ่าย,ค่าอาหาร,110.00,กรุงไทย,ปลาแซลมอน,
24/07/2026,รายจ่าย,ค่าอาหาร,55.00,กรุงไทย,ผัดมาม่า,
24/07/2026,รายจ่าย,ค่าอาหาร,60.00,กรุงไทย,ก๋วยเตี๋ยวหลอด,
24/07/2026,รายจ่าย,ค่าอาหาร,110.00,กรุงไทย,กับข้าวเย็น,
24/07/2026,รายจ่าย,ของใช้ในบ้าน/ส่วนตัว,25.00,กรุงไทย,ทิชชู,
25/07/2026,รายจ่าย,ค่าอาหาร,260.00,บัตรเครดิตกรุงศรี,lineman,
26/07/2026,รายจ่าย,ค่าอาหาร,65.00,กรุงไทย,น้ำเต้าหู้,
27/07/2026,เงินออมและลงทุน,DIME PLOY,"1,000.00",กรุงไทย,Dime Ploy,
27/07/2026,โอนระหว่างบัญชี,โอนเงิน,"5,000.00",กรุงไทย,,กสิกรไทย
27/07/2026,หนี้สิน,ผ่อนคอนโด,"22,000.00",กรุงไทย,คอนโด,
27/07/2026,บิล,ค่าไฟ,26.34,กรุงไทย,46/318,
27/07/2026,บิล,ค่าไฟ,238.01,กรุงไทย,คอนโด,
27/07/2026,บิล,จ่ายบัตรเครดิต,"16,547.77",กรุงไทย,,บัตรเครดิตกรุงศรี
27/07/2026,รายจ่าย,ค่าอาหาร,442.00,บัตรเครดิตกรุงศรี,lineman,
28/07/2026,รายจ่าย,ค่าอาหาร,170.00,กรุงไทย,กับข้าว,
28/07/2026,รายจ่าย,ค่าอาหาร,50.00,กรุงไทย,ข้าวขาหมู,
28/07/2026,รายจ่าย,ค่าอาหาร,40.00,กรุงไทย,ขนมเบื้อง,
28/07/2026,รายจ่าย,ค่าอาหาร,50.00,กรุงไทย,กุ๋ยช่ายทอด,
28/07/2026,รายจ่าย,ค่าอาหาร,185.00,กรุงไทย,หมูสด,
28/07/2026,รายจ่าย,ค่าอาหาร,30.00,กรุงไทย,ข้าวเปล่า,
28/07/2026,รายจ่าย,ค่าอาหาร,110.00,กรุงไทย,มะละกอ,
28/07/2026,รายจ่าย,ค่าอาหาร,145.00,กรุงไทย,ไก่สด,
29/07/2026,รายจ่าย,ค่าอาหาร,690.00,กรุงไทย,ขนมจีน,
29/07/2026,รายจ่าย,ค่าอาหาร,300.00,กรุงไทย,กะท้อนทรงเครื่อง,
29/07/2026,รายจ่าย,ของใช้ในบ้าน/ส่วนตัว,"2,636.00",กรุงไทย,Lotus,
29/07/2026,รายจ่าย,ค่าน้ำมัน,"1,380.00",บัตรเครดิตกรุงศรี,น้ำมันรถ,
29/07/2026,โอนระหว่างบัญชี,โอนเงิน,"1,200.00",กรุงไทย,,Truemoney
29/07/2026,รายจ่าย,รายจ่ายอื่นๆ,"1,065.87",Truemoney,เครื่อง DL24,
29/07/2026,รายจ่าย,ของใช้ในบ้าน/ส่วนตัว,"1,260.00",บัตรเครดิตกรุงศรี,เครื่องวัด R,
30/07/2026,โอนระหว่างบัญชี,โอนเงิน,200.00,กรุงไทย,,Truemoney
30/07/2026,รายจ่าย,ของใช้ในบ้าน/ส่วนตัว,138.00,Truemoney,ถ่าน AA,
30/07/2026,รายจ่าย,ของใช้ในบ้าน/ส่วนตัว,468.00,บัตรเครดิตกรุงศรี,เครื่องวัดบาลานช์,
30/07/2026,รายจ่าย,ของใช้ในบ้าน/ส่วนตัว,121.00,บัตรเครดิตกรุงศรี,ผ้าใบ,
30/07/2026,รายจ่าย,รายจ่ายอื่นๆ,400.00,เป่าตัง,ซื้อหวย,
31/07/2026,รายจ่าย,ของใช้ในบ้าน/ส่วนตัว,140.00,กรุงไทย,ตัดผม,
31/07/2026,รายจ่าย,ค่าอาหาร,200.00,กรุงไทย,กับข้าว,
31/07/2026,รายจ่าย,ค่าอาหาร,80.00,กรุงไทย,ข้าวมันไก่,
31/07/2026,รายจ่าย,ค่าอาหาร,30.00,กรุงไทย,ข้าวเปล่า,
31/07/2026,รายจ่าย,ค่าอาหาร,40.00,กรุงไทย,ข้าวโพด,
01/08/2026,รายจ่าย,ค่าอาหาร,"2,500.00",กรุงไทย,ซ่อมประตูคอนโด,
01/08/2026,รายจ่าย,ค่าอาหาร,52.00,เป่าตัง,ซูซิ130,
01/08/2026,รายจ่าย,ค่าอาหาร,155.00,กรุงไทย,เค้ก,
03/08/2026,รายจ่าย,ค่าอาหาร,18.00,เป่าตัง,ก๋วยเตี๋ยวเรือ 45,
03/08/2026,รายจ่าย,ค่าอาหาร,20.00,กรุงไทย,มะละกอ,
03/08/2026,รายจ่าย,ค่าอาหาร,10.00,เป่าตัง,ขนม 25,
03/08/2026,รายจ่าย,ค่าอาหาร,20.00,เป่าตัง,ข้าวเช้า 50,
03/08/2026,รายรับ,ค่าบ้านเช่า,"4,000.00",ไทยพาณิชย์,ค่าบ้านเช่า 18,
03/08/2026,เงินออมและลงทุน,INOVESTX ROBO,"3,000.00",ไทยพาณิชย์,ลงทุน,
04/08/2026,รายจ่าย,ค่าอาหาร,22.00,เป่าตัง,ข้าวเช้า 55,
04/08/2026,เงินออมและลงทุน,K+,"5,000.00",กสิกรไทย,ลงทุน,
04/08/2026,รายจ่าย,ค่าอาหาร,24.00,เป่าตัง,สเต็ก 60,
04/08/2026,รายจ่าย,ค่าอาหาร,40.00,เป่าตัง,สาคู 100,
04/08/2026,รายจ่าย,ค่าอาหาร,25.00,กรุงไทย,แคปตาลูป,
05/08/2026,รายจ่าย,ค่าอาหาร,20.00,เป่าตัง,ข้าวเช้า 50,
05/08/2026,รายจ่าย,ค่าอาหาร,36.00,เป่าตัง,ยาคูล90,
05/08/2026,รายจ่าย,ค่าอาหาร,20.00,เป่าตัง,บะหมี่ 50,
05/08/2026,รายจ่าย,ค่าอาหาร,20.00,กรุงไทย,แคตาลูป,
05/08/2026,รายจ่าย,ค่าอาหาร,40.00,กรุงไทย,,
05/08/2026,รายจ่าย,ค่าอาหาร,164.00,เป่าตัง,ผัดหมี่ ลูกชุป 250,
05/08/2026,รายจ่าย,ค่ารักษาพยาบาล,54.00,กรุงไทย,ยาแก้ไข,
05/08/2026,รายจ่าย,ค่าอาหาร,80.00,กรุงไทย,ลูกชิ้น,
05/08/2026,รายรับ,ค่าบ้านเช่า,"4,000.00",ไทยพาณิชย์,ค่าบ้านเช่า 16,
06/08/2026,รายจ่าย,ค่าอาหาร,10.00,กรุงไทย,ซื้้อน้ำเปล่า,
06/08/2026,รายจ่าย,ค่ารักษาพยาบาล,380.00,กรุงไทย,จ่ายค่ายา,
06/08/2026,โอนระหว่างบัญชี,โอนเงิน,500.00,กรุงไทย,,เป่าตัง
06/08/2026,รายจ่าย,ค่าอาหาร,22.00,เป่าตัง,สเต็กไก่ 55,
06/08/2026,รายจ่าย,ค่าอาหาร,20.00,เป่าตัง,ข้าวเที่ยง 50,
07/08/2026,รายจ่าย,ค่าอาหาร,26.00,เป่าตัง,ปลาดุกฟู 65,
07/08/2026,รายจ่าย,ค่าอาหาร,20.00,เป่าตัง,ข้าวเช้า 50,
07/08/2026,รายจ่าย,ค่าอาหาร,100.00,กรุงไทย,ก๋วยจั๊บ,
07/08/2026,รายจ่าย,ค่าอาหาร,20.00,เป่าตัง,เกี๊ยวซ่า 50,
07/08/2026,รายจ่าย,ค่าอาหาร,44.00,เป่าตัง,ปลาแซลมอน 110,
07/08/2026,รายจ่าย,ค่าอาหาร,22.00,เป่าตัง,ยากิโซบะ 55,
07/08/2026,รายจ่าย,ค่าอาหาร,38.00,เป่าตัง,เต้าหู้ 40,
08/08/2026,รายจ่าย,ค่าอาหาร,250.00,กรุงไทย,หมูสับ,
08/08/2026,รายจ่าย,ค่าอาหาร,50.00,กรุงไทย,ข้าวขาหมู,
08/08/2026,รายจ่าย,ค่าอาหาร,30.00,กรุงไทย,ขนมถ้วย,
08/08/2026,รายจ่าย,ค่าอาหาร,24.00,เป่าตัง,กล่อง 60,
09/08/2026,รายจ่าย,ค่าอาหาร,35.60,เป่าตัง,หมูสด 89,
09/08/2026,รายจ่าย,ค่าน้ำมัน,"1,330.00",บัตรเครดิตกรุงศรี,น้ำมัน,
10/08/2026,รายจ่าย,ค่าอาหาร,22.00,เป่าตัง,ข้าวเช้า 55,
10/08/2026,รายจ่าย,ค่าอาหาร,25.00,กรุงไทย,แคตาลูป,
10/08/2026,รายจ่าย,ค่าอาหาร,20.00,เป่าตัง,ก๋วยเตี๋ยวหมูแดง 50,
10/08/2026,รายจ่าย,ค่าอาหาร,14.00,เป่าตัง,ข้าวเหนียว 35,
11/08/2026,รายจ่าย,ค่าอาหาร,220.00,Truemoney,bellinee,
11/08/2026,รายจ่าย,ค่าอาหาร,20.00,เป่าตัง,ข้าวเช้า 50,
11/08/2026,รายจ่าย,ค่าอาหาร,45.00,กรุงไทย,ก๋วยเตี๋ยวเรือ,
11/08/2026,รายจ่าย,ค่ารักษาพยาบาล,180.00,กรุงไทย,ยาพ่นแก้ไอ,
13/08/2026,รายจ่าย,ค่าอาหาร,80.00,กรุงไทย,ไก่ข้าวเหนียว,
13/08/2026,รายจ่าย,รายจ่ายอื่นๆ,160.00,กรุงไทย,ข้อต่อแท็งน้ำ,
13/08/2026,รายจ่าย,ค่าอาหาร,100.00,กรุงไทย,ไก่จ้อ,
13/08/2026,รายจ่าย,ค่าอาหาร,30.00,กรุงไทย,ข้าวเปล่า,
13/08/2026,รายจ่าย,ค่าอาหาร,24.00,เป่าตัง,ต้มเลือดหมู 60,
13/08/2026,รายจ่าย,ค่าอาหาร,81.00,เป่าตัง,ขาหมู 100,
13/08/2026,บิล,ค่าน้ำ,32.10,กรุงไทย,46/318,
13/08/2026,บิล,ค่าน้ำ,332.77,กรุงไทย,46/316,
14/08/2026,รายรับ,เงินคืน NT,"4,880.00",กรุงไทย,ค่ายายุ้ย,
14/08/2026,รายจ่าย,ค่ารักษาพยาบาล,"5,000.00",กรุงไทย,คืนค่ายายุ้ย,
14/08/2026,รายจ่าย,ให้/พ่อ/แม่/ลูก,"1,500.00",กรุงไทย,ให้ลูก,
14/08/2026,รายจ่าย,ค่าอาหาร,190.00,กรุงไทย,,
14/08/2026,รายจ่าย,ค่าอาหาร,500.00,เงินสด,seven,
15/08/2026,รายจ่าย,ค่าอาหาร,80.00,กรุงไทย,ขนมไทย ณาณหมาก,
15/08/2026,รายจ่าย,ค่าอาหาร,507.00,กรุงไทย,ขนมเปียะ,
15/08/2026,รายจ่าย,รายจ่ายอื่นๆ,83.00,เป่าตัง,ซื้อหวย N3,
15/08/2026,รายจ่าย,รายจ่ายอื่นๆ,217.00,กรุงไทย,ซื้อหวย N3,
17/08/2026,รายจ่าย,ค่าอาหาร,80.00,กรุงไทย,ข้าวเช้า+ใส่บาตร,
17/08/2026,รายจ่าย,ค่าอาหาร,89.00,กรุงไทย,ฝรั่ง,
17/08/2026,รายจ่าย,ค่าอาหาร,50.00,กรุงไทย,เย็นตาโฟ,
18/08/2026,รายจ่าย,ค่าอาหาร,50.00,กรุงไทย,ข้าวเช้า,
18/08/2026,บิล,ค่าอินเทอร์เน็ต,642.00,บัตรเครดิตกรุงศรี,เน็ตบ้าน,
18/08/2026,บิล,ค่าโทรศัพท์,240.75,บัตรเครดิตกรุงศรี,มือถือพลอย,
18/08/2026,บิล,ค่าโทรศัพท์,319.93,บัตรเครดิตกรุงศรี,มือถือ DTAC,
18/08/2026,บิล,ค่าโทรศัพท์,107.00,กรุงไทย,บ้าน 46/316,
18/08/2026,รายจ่าย,ค่าอาหาร,50.00,กรุงไทย,เกี๋ยวน้ำ,
18/08/2026,รายจ่าย,ค่าอาหาร,30.00,กรุงไทย,แคลตาลูป,
18/08/2026,รายจ่าย,ค่าอาหาร,50.00,กรุงไทย,หมูยอ,
18/08/2026,โอนระหว่างบัญชี,โอนเงิน,200.00,กรุงไทย,,Truemoney
18/08/2026,บิล,สมัครสมาชิก,189.00,Truemoney,Gemini,
18/08/2026,รายจ่าย,รายจ่ายอื่นๆ,15.00,กรุงเทพ,ค่าธรรมเนียม,
19/08/2026,รายจ่าย,ค่าอาหาร,60.00,เงินสด,ข้าวเช้า,
19/08/2026,รายจ่าย,ค่าอาหาร,110.00,กรุงไทย,กับข้าวเย็น,
19/08/2026,รายจ่าย,ค่าอาหาร,45.00,กรุงไทย,ก๋วยเตี๋ยวเรือ,
19/08/2026,รายจ่าย,ค่าอาหาร,210.00,กรุงไทย,หมี่ ขนมจีน,
19/08/2026,รายจ่าย,ค่ารักษาพยาบาล,150.00,กรุงไทย,ยาพ่นคอ,
19/08/2026,รายจ่าย,ค่าอาหาร,40.00,กรุงไทย,น้ำพริกมะขาม,
19/08/2026,รายจ่าย,ค่าฌาปณกิจ,50.00,กรุงไทย,ศพที่ 10,
19/08/2026,รายจ่าย,ค่าน้ำมัน,"1,334.00",บัตรเครดิตกรุงศรี,น้ำมัน,
19/08/2026,รายจ่าย,"ความบันเทิง(ช็อปปิ้ง,ท่องเที่ยว)",149.00,กรุงไทย,UFA PLAY IPTV,
19/08/2026,รายจ่าย,ให้/พ่อ/แม่/ลูก,"1,000.00",กรุงไทย,ให้ลูก,
20/08/2026,รายจ่าย,ค่าอาหาร,50.00,กรุงไทย,ข้าวเช้า,
20/08/2026,รายจ่าย,ค่าอาหาร,215.00,กรุงไทย,ผลไม้,
20/08/2026,รายจ่าย,ค่าอาหาร,"2,738.00",กรุงไทย,เลี้ยงเกษียญ,
20/08/2026,รายรับ,รายได้อื่นๆ,456.00,กรุงไทย,ก้อย คืนเงิน,
20/08/2026,รายจ่าย,รายจ่ายอื่นๆ,500.00,กรุงไทย,งานเลี้ยงเกษียญ,
20/08/2026,รายรับ,รายได้อื่นๆ,400.00,กรุงไทย,รุ่งโรจน,
20/08/2026,รายรับ,รายได้อื่นๆ,456.00,กรุงไทย,จิตติ,
20/08/2026,รายจ่าย,ค่ารักษาพยาบาล,400.00,กรุงไทย,กระดูก,
20/08/2026,รายรับ,เงินปันผล,380.70,กรุงเทพ,PROSPECT,
21/08/2026,รายจ่าย,ค่าอาหาร,55.00,เงินสด,ข้าวเช้า,
21/08/2026,รายจ่าย,ค่าฌาปณกิจ,50.00,กรุงไทย,ศพที่ 11,
21/08/2026,รายรับ,รายได้อื่นๆ,400.00,กรุงไทย,ธเชษฐ,
21/08/2026,รายจ่าย,ค่าอาหาร,150.00,กรุงไทย,เล้ง,
21/08/2026,รายจ่าย,ค่าอาหาร,30.00,กรุงไทย,แคตาลูป,
21/08/2026,รายจ่าย,ค่าอาหาร,100.00,กรุงไทย,ขนมจีน,
21/08/2026,รายจ่าย,ค่าอาหาร,40.00,กรุงไทย,ข้าวเปล่า,
21/08/2026,รายจ่าย,ค่าอาหาร,170.00,กรุงไทย,หมูสด ไข่ไก่,
22/08/2026,รายจ่าย,ของใช้ในบ้าน/ส่วนตัว,"1,135.00",กรุงไทย,LOTUS,
22/08/2026,รายจ่าย,ของใช้ในบ้าน/ส่วนตัว,424.00,บัตรเครดิตกรุงศรี,,
24/08/2026,โอนระหว่างบัญชี,โอนเงิน,300.00,กรุงไทย,,Truemoney
24/08/2026,รายจ่าย,ค่าอาหาร,55.00,กรุงไทย,ข้าวเช้า,
24/08/2026,รายรับ,รายได้อื่นๆ,400.00,กรุงไทย,วสัน,
24/08/2026,รายจ่าย,ค่าอาหาร,25.00,กรุงไทย,แคปตาลูป,
24/08/2026,รายจ่าย,ค่าอาหาร,45.00,กรุงไทย,ผัดหมี่,
24/08/2026,รายจ่าย,ค่าอาหาร,60.00,กรุงไทย,ข้าวคลุกกะปิ,
24/08/2026,รายจ่าย,ค่าอาหาร,55.00,กรุงไทย,หมูปิ้ง,
24/08/2026,รายจ่าย,ค่าอาหาร,110.00,กรุงไทย,ปลาแซลมอน,
24/08/2026,รายจ่าย,ค่าอาหาร,45.00,กรุงไทย,กาแฟเอ๋,
24/08/2026,รายจ่าย,ค่าอาหาร,155.00,Truemoney,bellinee,
24/08/2026,รายจ่าย,ค่าอาหาร,45.00,กรุงไทย,ข้าวต้มมัด,
25/08/2026,รายจ่าย,ค่าอาหาร,70.00,กรุงไทย,ผลไม้,
25/08/2026,รายจ่าย,ค่าอาหาร,55.00,กรุงไทย,ข้าวเช้า,
25/08/2026,รายจ่าย,ค่าอาหาร,50.00,กรุงไทย,ข้าวเที่ยง,
25/08/2026,รายจ่าย,ค่าอาหาร,35.00,กรุงไทย,สาคู,
25/08/2026,รายจ่าย,"ความบันเทิง(ช็อปปิ้ง,ท่องเที่ยว)",499.00,กรุงไทย,M-Fixer IPTV 6เดือน,
25/08/2026,รายจ่าย,"ความบันเทิง(ช็อปปิ้ง,ท่องเที่ยว)","1,158.00",บัตรเครดิตกรุงศรี,เสื้อ Shopee,
26/08/2026,รายรับ,เงินเดือน,"103,250.00",กรุงไทย,เงินเดือน,
26/08/2026,รายจ่าย,ภาษี,"7,802.50",กรุงไทย,ภาษี,
26/08/2026,เงินออมและลงทุน,กองทุนสำรองเลี้ยงชีพ,"15,487.50",กรุงไทย,กองทุน PVD,
26/08/2026,รายจ่าย,ค่าฌาปณกิจ,140.00,กรุงไทย,ฌสศ.,
26/08/2026,เงินออมและลงทุน,ออมทรัพย์ สอท,"10,000.00",กรุงไทย,ออมทรัพย์ สอท,ออมทรัพย์ สอท
26/08/2026,เงินออมและลงทุน,ทุนเรือนหุ้น สอท,"8,000.00",กรุงไทย,ทุน สอท,
26/08/2026,รายจ่าย,ค่าอาหาร,55.00,กรุงไทย,ข้าวเช้า,
26/08/2026,รายจ่าย,ค่าอาหาร,45.00,กรุงไทย,สลัด,
26/08/2026,รายจ่าย,ค่าอาหาร,50.00,กรุงไทย,ก๋วยเตี๋ยว,
26/08/2026,รายจ่าย,ค่าอาหาร,30.00,กรุงไทย,แคตาลูป,
26/08/2026,รายจ่าย,ค่าอาหาร,55.00,กรุงไทย,สลัดโรล,
26/08/2026,รายจ่าย,ค่าอาหาร,124.00,กรุงไทย,ก๋วยเตี๋ยวบก,
27/08/2026,เงินออมและลงทุน,DIME PLOY,"1,000.00",กรุงไทย,Dime Ploy,
27/08/2026,โอนระหว่างบัญชี,โอนเงิน,"5,000.00",กรุงไทย,,กสิกรไทย
27/08/2026,หนี้สิน,ผ่อนคอนโด,"22,000.00",กรุงไทย,คอนโด,
27/08/2026,รายจ่าย,ค่าอาหาร,50.00,กรุงไทย,ข้าวเช้า,
27/08/2026,รายจ่าย,ค่าอาหาร,40.00,กรุงไทย,ขนมตาล,
27/08/2026,รายจ่าย,ค่าอาหาร,50.00,กรุงไทย,ก๋วยจั๊บ,
27/08/2026,โอนระหว่างบัญชี,โอนเงิน,"1,000.00",กรุงไทย,,เงินสด
27/08/2026,รายจ่าย,ค่าฌาปณกิจ,500.00,เงินสด,งานศพ แม่ต้น,
27/08/2026,รายจ่าย,ค่ารักษาพยาบาล,60.00,กรุงไทย,ยาอม,
27/08/2026,รายจ่าย,ค่าอาหาร,50.00,กรุงไทย,ไส้กรอก,
27/08/2026,รายจ่าย,ค่าอาหาร,70.00,กรุงไทย,ไข่สด,
28/08/2026,รายจ่าย,ของใช้ในบ้าน/ส่วนตัว,502.00,กรุงไทย,เสื้อลูก,
28/08/2026,บิล,ค่าไฟ,26.34,กรุงไทย,46/318,
28/08/2026,บิล,จ่ายบัตรเครดิต,"14,308.11",กรุงไทย,บัตรเครดิตกรุงศรี,บัตรเครดิตกรุงศรี
28/08/2026,รายจ่าย,ค่าอาหาร,65.00,กรุงไทย,ปลาดุกฟู,
28/08/2026,รายจ่าย,ค่าอาหาร,50.00,กรุงไทย,ข้าวเช้า,
28/08/2026,รายรับ,เงินปันผล,770.00,กรุงเทพ,TU,
28/08/2026,รายจ่าย,ค่าอาหาร,55.00,กรุงไทย,ยากิโซบะ,
28/08/2026,รายจ่าย,ค่าอาหาร,50.00,กรุงไทย,ปอเปี๊ยสด,
28/08/2026,รายจ่าย,ค่าอาหาร,60.00,กรุงไทย,ก๋วยเตี๋ยวหลอด,
28/08/2026,รายรับ,รายได้อื่นๆ,"300,000.00",กรุงไทย,ขายที่ดินงวดแรก,
29/08/2026,รายจ่าย,ค่าอาหาร,155.50,บัตรเครดิตกรุงศรี,น้ำชาเขียว,
30/08/2026,รายจ่าย,ของใช้ในบ้าน/ส่วนตัว,150.27,กรุงไทย,อุปกรณ์ตกปลา,
30/08/2026,รายจ่าย,"ความบันเทิง(ช็อปปิ้ง,ท่องเที่ยว)","1,361.00",บัตรเครดิตกรุงศรี,อุแกรณ์ตกปลา,
30/08/2026,รายจ่าย,ให้/พ่อ/แม่/ลูก,500.00,กรุงไทย,ให้ลูก,
30/08/2026,รายจ่าย,ให้/พ่อ/แม่/ลูก,"5,000.00",กรุงไทย,ให้ยุ้ย ซื้อเสื้อ,
30/08/2026,รายจ่าย,ค่าอาหาร,138.00,กรุงไทย,ฟาไฉ,
31/08/2026,รายจ่าย,ค่าอาหาร,50.00,กรุงไทย,ข้าวเช้า,
31/08/2026,รายจ่าย,รายจ่ายอื่นๆ,600.00,กรุงไทย,ต้นองุ่น,
31/08/2026,รายจ่าย,รายจ่ายอื่นๆ,200.00,กรุงไทย,หวย 6 หลักยุ้ย,
31/08/2026,รายจ่าย,รายจ่ายอื่นๆ,300.00,กรุงไทย,หวย N3,
31/08/2026,รายจ่าย,ค่าน้ำมัน,"1,210.00",บัตรเครดิตกรุงศรี,เติมน้ำมัน,
01/09/2026,โอนระหว่างบัญชี,โอนเงิน,500.00,กรุงไทย,,เป่าตัง
01/09/2026,รายจ่าย,ค่ารักษาพยาบาล,225.00,กรุงไทย,ยาตรวจโควิท,
01/09/2026,รายจ่าย,ค่าอาหาร,76.40,เป่าตัง,หมูสด 191,
01/09/2026,รายจ่าย,ค่าอาหาร,30.00,เป่าตัง,ไก่สด 75,
01/09/2026,รายจ่าย,ค่าอาหาร,134.60,เป่าตัง,ข้าวซอย 175,
01/09/2026,รายจ่าย,ค่ารักษาพยาบาล,"4,310.10",บัตรเครดิตกรุงศรี,ตรวจโควิท,
01/09/2026,เงินออมและลงทุน,INOVESTX ROBO,"3,000.00",ไทยพาณิชย์,ลงทุน,
02/09/2026,รายรับ,ค่าบ้านเช่า,"4,000.00",ไทยพาณิชย์,ค่าบ้านเช่า 16,
02/09/2026,รายจ่าย,ค่าอาหาร,200.00,กรุงไทย,ไอติม,
03/09/2026,โอนระหว่างบัญชี,โอนเงิน,"200,000.00",กรุงไทย,,กรุงเทพ
03/09/2026,เงินออมและลงทุน,BLS,"200,000.00",กรุงเทพ,ลงทุน BLS,
03/09/2026,รายรับ,ค่าบ้านเช่า,"4,000.00",ไทยพาณิชย์,ค่าบ้านเช่า 18,
03/09/2026,รายจ่าย,ค่าอาหาร,346.00,บัตรเครดิตกรุงศรี,chester,
04/09/2026,รายจ่าย,ค่าอาหาร,76.00,เป่าตัง,ข้าวเช้า 190,
04/09/2026,รายรับ,รายได้อื่นๆ,579.00,เป่าตัง,ถูกหวย N3,
04/09/2026,รายจ่าย,ค่าอาหาร,15.00,บัตรเครดิตกรุงศรี,ค่าส่ง lineman,
04/09/2026,เงินออมและลงทุน,K+,"5,000.00",กสิกรไทย,ลงทุน,
04/09/2026,รายรับ,เงินปันผล,337.50,กรุงเทพ,WHABT,
05/09/2026,รายจ่าย,ของใช้ในบ้าน/ส่วนตัว,207.00,บัตรเครดิตกรุงศรี,เข่ง,
06/09/2026,รายจ่าย,ให้/พ่อ/แม่/ลูก,500.00,กรุงไทย,ให้ลูก,
06/09/2026,รายจ่าย,ค่ารักษาพยาบาล,60.00,กรุงไทย,ATK,
06/09/2026,รายจ่าย,ค่าอาหาร,137.00,กรุงไทย,ขนมปัง,
06/09/2026,รายจ่าย,ค่าอาหาร,62.00,เป่าตัง,ไข่ไก่ 155,
06/09/2026,รายจ่าย,ค่าอาหาร,32.00,เป่าตัง,หมูสด 80,
06/09/2026,รายจ่าย,รายจ่ายอื่นๆ,324.00,กรุงไทย,ตัวรับสัญญาณแอร์,
07/09/2026,รายจ่าย,ค่าอาหาร,20.00,เป่าตัง,ข้าวเช้า 50,
07/09/2026,รายจ่าย,ค่าอาหาร,50.00,กรุงไทย,เย็นตาโฟ,
07/09/2026,รายจ่าย,ค่าอาหาร,18.00,เป่าตัง,แขวนผ้า45,
07/09/2026,รายจ่าย,ค่าอาหาร,18.00,เป่าตัง,ข้าวเหนียว45,
07/09/2026,รายจ่าย,ค่าอาหาร,44.00,เป่าตัง,ปั้นสิบ110,
07/09/2026,รายรับ,เงินปันผล,"2,520.00",กรุงเทพ,SAT,
08/09/2026,รายจ่าย,ค่าอาหาร,20.00,เป่าตัง,ข้าวเช้า 50,
08/09/2026,รายจ่าย,ค่าอาหาร,20.00,เป่าตัง,ก๋วยเตี๋ยว 50,
08/09/2026,รายรับ,รายได้อื่นๆ,324.00,ทหารไทย,คืนเงิน ซื้ออุปกรณ์แอร์,
08/09/2026,รายจ่าย,ค่าอาหาร,20.00,เป่าตัง,ข้าวเช้า 50,
08/09/2026,รายรับ,เงินปันผล,380.70,กรุงเทพ,PROSPECT,
09/09/2026,รายจ่าย,ค่าอาหาร,60.00,กรุงไทย,กระเพาะปลา,
09/09/2026,รายจ่าย,ของใช้ในบ้าน/ส่วนตัว,75.00,กรุงไทย,น้ำยาล้างมือ,
09/09/2026,รายจ่าย,ค่าอาหาร,75.00,เป่าตัง,ก๋วยเตี๋ยวบก 189,
09/09/2026,รายรับ,เงินปันผล,799.92,กรุงเทพ,DIF,
10/09/2026,โอนระหว่างบัญชี,โอนเงิน,200.00,กรุงไทย,,Truemoney
10/09/2026,รายจ่าย,ค่าอาหาร,150.00,Truemoney,bellinee,
10/09/2026,รายจ่าย,ค่าอาหาร,20.00,เป่าตัง,ข้าวเช้า 50,
10/09/2026,รายจ่าย,ค่าอาหาร,20.00,เป่าตัง,ก๋วยเตี่๋ยวเป็ด 50,
10/09/2026,รายจ่าย,ให้/พ่อ/แม่/ลูก,500.00,กรุงไทย,ให้ยุ้ย,
10/09/2026,รายจ่าย,ค่าอาหาร,20.00,เป่าตัง,ผลไม่ 50,
10/09/2026,รายจ่าย,ค่าอาหาร,193.50,กรุงไทย,การบินไทย,
10/09/2026,รายจ่าย,ค่าอาหาร,20.00,เป่าตัง,ข้าวเช้า 50,
10/09/2026,รายรับ,เงินปันผล,"1,440.00",กรุงเทพ,QH,
10/09/2026,รายรับ,เงินปันผล,401.40,กรุงเทพ,DMT,
11/09/2026,รายรับ,เงินปันผล,"1,800.00",กรุงเทพ,SIRI,
11/09/2026,รายรับ,เงินปันผล,432.00,กรุงเทพ,IMPACT,
11/09/2026,รายรับ,เงินปันผล,180.00,ไทยพาณิชย์,STA,
11/09/2026,รายจ่าย,ค่าอาหาร,20.00,เป่าตัง,ก๋วยเตี๋ยว 50,
12/09/2026,รายจ่าย,ค่าอาหาร,260.00,เงินสด,กับข้าวเช้า,
12/09/2026,รายจ่าย,ค่าอาหาร,60.00,กรุงไทย,ขนมหวาน,
12/09/2026,รายจ่าย,ค่าอาหาร,150.00,กรุงไทย,หมูแดดเดียว,
12/09/2026,รายจ่าย,ค่าอาหาร,40.00,กรุงไทย,ข้าวเปล่า,
12/09/2026,รายจ่าย,ค่าอาหาร,142.40,เป่าตัง,ผลไม้ 184,
12/09/2026,บิล,ค่าน้ำ,434.42,กรุงไทย,46/316,
12/09/2026,บิล,ค่าน้ำ,32.10,กรุงไทย,46/318,
13/09/2026,รายจ่าย,ของใช้ในบ้าน/ส่วนตัว,"2,911.00",กรุงไทย,LOTUS,
13/09/2026,รายจ่าย,ค่าอาหาร,544.00,กรุงไทย,ฮาจิบัง,
13/09/2026,รายจ่าย,ของใช้ในบ้าน/ส่วนตัว,844.87,บัตรเครดิตกรุงศรี,หลอดไฟ,
13/09/2026,รายจ่าย,ค่าอาหาร,50.00,กรุงไทย,ข้าวเช้า,
14/09/2026,โอนระหว่างบัญชี,โอนเงิน,"100,000.00",กรุงไทย,,ไทยพาณิชย์
14/09/2026,รายจ่าย,ค่าอาหาร,50.00,กรุงไทย,ข้าวเที่ยง,
14/09/2026,รายจ่าย,ค่าน้ำมัน,"1,430.00",บัตรเครดิตกรุงศรี,น้ำมัน,
14/09/2026,รายจ่าย,ค่าอาหาร,50.00,กรุงไทย,ข้าวเช้า,
14/09/2026,รายจ่าย,ค่าอาหาร,40.00,กรุงไทย,น้ำพริกมะขาม,
14/09/2026,รายรับ,เงินคืน NT,780.00,กรุงไทย,ค่ารักษาพยาบาล,
15/09/2026,โอนระหว่างบัญชี,โอนเงิน,"32,000.00",กรุงเทพ,,ไทยพาณิชย์
15/09/2026,รายจ่าย,ทำบุญ/ใส่ซอง/ของขวัญ,777.00,กรุงไทย,ซื้อของให้เอ๋,
15/09/2026,รายจ่าย,ของใช้ในบ้าน/ส่วนตัว,"1,500.00",กรุงไทย,ให้ลูก,
15/09/2026,รายจ่าย,ค่าอาหาร,756.00,กรุงไทย,สเต็ก santafe,
15/09/2026,รายจ่าย,รายจ่ายอื่นๆ,"1,847.00",บัตรเครดิตกรุงศรี,,
15/09/2026,รายรับ,รายได้อื่นๆ,8.00,บัตรเครดิตกรุงศรี,คืนค่าน้ำมัน,
15/09/2026,เงินออมและลงทุน,หุ้นไทย BLS,"180,000.00",ไทยพาณิชย์,PROSPECT,
16/09/2026,รายจ่าย,ค่าอาหาร,55.00,กรุงไทย,ข้าวเช้า,
16/09/2026,รายจ่าย,ค่าอ��หาร,50.00,กรุงไทย,ผัดหมี่,
16/09/2026,รายจ่าย,ค่าอาหาร,100.00,กรุงไทย,กับข้าวเย็น,
16/09/2026,รายจ่าย,ค่าอาหาร,209.00,กรุงไทย,ขนมจีน ก๋วยเตี๋ยวบก,
16/09/2026,รายจ่าย,รายจ่ายอื่นๆ,191.00,เป่าตัง,หวย N3,
16/09/2026,รายจ่าย,ค่าอาหาร,110.00,กรุงไทย,หวย N3,
16/09/2026,รายจ่าย,ค่าอาหาร,90.00,กรุงไทย,เงาะ,
16/09/2026,รายจ่าย,ค่าอาหาร,55.00,กรุงไทย,ข้าวเช้า,
16/09/2026,บิล,สมัครสมาชิก,189.00,Truemoney,Gemini,
17/09/2026,บิล,"เบี้ยประกัน (รถยนต์,ชีวิต)","1,200.00",กรุงไทย,อุบัติเหตุ AIA ลูก,
17/09/2026,บิล,"เบี้ยประกัน (รถยนต์,ชีวิต)","3,930.00",กรุงไทย,ประกันชีวิต AIA ลูก,
17/09/2026,รายรับ,รายได้อื่นๆ,475.00,เป่าตัง,ถูกหวย N3,
17/09/2026,รายจ่าย,ของใช้ในบ้าน/ส่วนตัว,110.00,กรุงไทย,ทิชชูเปียก,
17/09/2026,รายจ่าย,ค่าอาหาร,50.00,กรุงไทย,ก๋วยเตี๋ยวน้ำ,
17/09/2026,โอนระหว่างบัญชี,โอนเงิน,300.00,กรุงไทย,,Truemoney
17/09/2026,รายจ่าย,ค่าอาหาร,227.00,Truemoney,bellinee,
17/09/2026,รายจ่าย,ค่าอาหาร,50.00,กรุงไทย,ข้าวเช้า,
17/09/2026,รายจ่าย,ค่าอาหาร,40.00,กรุงไทย,ลองกอง,
17/09/2026,รายรับ,เงินปันผล,"2,700.00",กรุงเทพ,LANNA,
18/09/2026,บิล,ค่าอินเทอร์เน็ต,642.00,บัตรเครดิตกรุงศรี,เน็ตบ้าน,
18/09/2026,บิล,ค่าโทรศัพท์,240.75,บัตรเครดิตกรุงศรี,มือถือพลอย,
18/09/2026,บิล,ค่าโทรศัพท์,319.93,บัตรเครดิตกรุงศรี,มือถือพ่อ,
18/09/2026,บิล,ค่าโทรศัพท์,107.00,บัตรเครดิตกรุงศรี,บ้าน,
18/09/2026,รายจ่าย,ค่าอาหาร,100.00,กรุงไทย,ขนมจีน,
18/09/2026,รายจ่าย,ค่าอาหาร,70.00,กรุงไทย,หมูปิ้ง,
18/09/2026,รายจ่าย,ค่าอาหาร,80.00,กรุงไทย,ลูกชิ้นปลา,
18/09/2026,รายรับ,เงินปันผล,297.00,กรุงเทพ,ALLY,
19/09/2026,รายจ่าย,ค่าอาหาร,126.00,บัตรเครดิตกรุงศรี,lineman,
19/09/2026,รายจ่าย,ของใช้ในบ้าน/ส่วนตัว,118.44,กรุงไทย,ถุงเท้า,
20/09/2026,รายจ่าย,ค่าอาหาร,"2,986.00",บัตรเครดิตกรุงศรี,ที่นอนยางพารา,
20/09/2026,รายจ่าย,ค่าอาหาร,377.00,กรุงไทย,ก๋วยเตี๋ยวเรือ,
21/09/2026,รายจ่าย,ค่าอาหาร,50.00,กรุงไทย,ข้าวเช้า,
21/09/2026,รายจ่าย,ค่าอาหาร,36.00,เงินสด,senven,
21/09/2026,รายจ่าย,ค่ารักษาพยาบาล,50.00,กรุงไทย,MRI 8050,
21/09/2026,รายจ่าย,รายจ่ายอื่นๆ,"9,499.58",บัตรเครดิตกรุงศรี,รถระยะ 100000 กม,
22/09/2026,รายจ่าย,ค่าอาหาร,50.00,กรุงไทย,ข้าวเช้า,
22/09/2026,รายจ่าย,ค่าอาหาร,135.00,กรุงไทย,กับข้าวเย็น,
22/09/2026,รายจ่าย,ค่าอาหาร,55.00,กรุงไทย,ปลากรอบ,
22/09/2026,รายจ่าย,ค่าอาหาร,95.00,กรุงไทย,เย็นตาโฟ,
22/09/2026,โอนระหว่างบัญชี,โอนเงิน,"80,000.00",ออมทรัพย์ สอท,,กรุงไทย
22/09/2026,โอนระหว่างบัญชี,โอนเงิน,"100,000.00",กรุงไทย,,ไทยพาณิชย์
22/09/2026,รายจ่าย,รายจ่ายอื่นๆ,8.00,ออมทรัพย์ สอท,ค่าธรรมเนียม,
22/09/2026,เงินออมและลงทุน,INOVESTX ROBO,"100,000.00",ไทยพาณิชย์,SCBBANKING,
22/09/2026,รายรับ,เงินปันผล,864.00,กรุงเทพ,HMPRO,
23/09/2026,โอนระหว่างบัญชี,โอนเงิน,200.00,กรุงไทย,,Truemoney
23/09/2026,รายจ่าย,ค่าอาหาร,198.00,กรุงไทย,ขนมการบินไทย,
23/09/2026,รายจ่าย,ค่าอาหาร,50.00,กรุงไทย,ข้าวเช้า,
23/09/2026,รายจ่าย,ค่าอาหาร,115.00,กรุงไทย,กับข้าวเย็น,
23/09/2026,รายจ่าย,ค่าอาหาร,50.00,กรุงไทย,ก๋วยเตี๋ยวน้ำ,
23/09/2026,รายจ่าย,ค่าอาหาร,95.00,กรุงไทย,ผัดหมี่แห้ง+ขนม,
23/09/2026,รายจ่าย,ค่าอาหาร,80.00,กรุงไทย,เครื่องแกง,
24/09/2026,รายจ่าย,ค่าอาหาร,65.00,กรุงไทย,ปลาดุกฟู,
24/09/2026,รายจ่าย,ค่าอาหาร,215.00,กรุงไทย,เงาะ ลองกอง,
24/09/2026,รายจ่าย,ค่าอาหาร,50.00,กรุงไทย,ข้าวเช้า,
24/09/2026,รายจ่าย,ของใช้ในบ้าน/ส่วนตัว,100.00,กรุงไทย,ถุงเท้า,
24/09/2026,รายจ่าย,ค่าอาหาร,80.00,กรุงไทย,โรตี สลัดแขก,
24/09/2026,รายจ่าย,ค่าอาหาร,50.00,กรุงไทย,ก๋วยจั๊บ,
24/09/2026,รายจ่าย,ค่าอาหาร,60.00,กรุงไทย,ข้าวยำ,
24/09/2026,รายจ่าย,ของใช้ในบ้าน/ส่วนตัว,250.00,กรุงไทย,ตัวต่อ,
24/09/2026,รายจ่าย,ค่าอาหาร,50.00,กรุงไทย,เกี๋ยวซ่า,
25/09/2026,รายจ่าย,รายจ่ายอื่นๆ,15.00,กรุงเทพ,ค่าธรรมเนียม,
25/09/2026,รายรับ,เงินปันผล,666.00,กรุงเทพ,HTC,
25/09/2026,รายรับ,เงินปันผล,"1,260.00",กรุงเทพ,BDMS,
25/09/2026,รายรับ,เงินเดือน,"103,250.00",กรุงไทย,เงินเดือน,
25/09/2026,รายจ่าย,ภาษี,"7,802.50",กรุงไทย,ภาษีเงินเดือน,
25/09/2026,เงินออมและลงทุน,กองทุนสำรองเลี้ยงชีพ,"15,487.50",กรุงไทย,กองทุน PVD,
25/09/2026,รายจ่าย,ค่าฌาปณกิจ,165.00,กรุงไทย,ฌสศ.,
25/09/2026,เงินออมและลงทุน,ออมทรัพย์ สอท,"10,000.00",กรุงไทย,ออมทรัพย์ สอท.,ออมทรัพย์ สอท
25/09/2026,เงินออมและลงทุน,ทุนเรือนหุ้น สอท,"8,000.00",กรุงไทย,ทุน สอท,
26/09/2026,รายจ่าย,ค่าอาหาร,228.00,กรุงไทย,หมูสด,
26/09/2026,รายจ่าย,ค่าอาหาร,150.00,กรุงไทย,ไข่ไก่,
26/09/2026,รายจ่าย,ค่าอาหาร,50.00,กรุงไทย,ข้าวเปล่า,
26/09/2026,รายจ่าย,ค่าอาหาร,150.00,กรุงไทย,กับข้าวเช้า,
26/09/2026,รายจ่าย,รายจ่ายอื่นๆ,"1,200.00",กรุงไทย,ค่าปุ๋ยอินทรีย์ 3 สอบ สอบละ 400 บาท ปาล์ม,
26/09/2026,รายจ่าย,รายจ่ายอื่นๆ,150.00,กรุงไทย,ค่าใส่ปุ๋ย ปาล์ม,
26/09/2026,รายจ่าย,รายจ่ายอื่นๆ,"2,500.00",กรุงไทย,ค่าตัดหญ้า 10 ลิตรน้ำมัน ลิตรละ 250 บาท ปาล์ม,
27/09/2026,เงินออมและลงทุน,DIME PLOY,"1,000.00",กรุงไทย,Dime Ploy,
27/09/2026,โอนระหว่างบัญชี,โอนเงิน,"5,000.00",กรุงไทย,,กสิกรไทย
27/09/2026,หนี้สิน,ผ่อนคอนโด,"22,000.00",กรุงไทย,ผ่อนคอนโด,
28/09/2026,รายจ่าย,ให้/พ่อ/แม่/ลูก,200.00,กรุงไทย,ให้ลูก,
28/09/2026,รายจ่าย,ค่าน้ำมัน,"1,400.00",บัตรเครดิตกรุงศรี,น้ำมัน,
28/09/2026,รายจ่าย,ค่าอาหาร,380.00,เงินสด,seven,
28/09/2026,รายจ่าย,ค่าอาหาร,377.00,กรุงไทย,KFC,
28/09/2026,รายจ่าย,ค่าอาหาร,589.00,กรุงไทย,ขนม+ข้าวสาร,
28/09/2026,รายจ่าย,ค่าอาหาร,135.00,กรุงไทย,หมูย่าง,
29/09/2026,รายจ่าย,ให้/พ่อ/แม่/ลูก,500.00,กรุงไทย,ให้ลูก,
30/09/2026,รายจ่าย,ค่าอาหาร,30.00,กรุงไทย,ขนมรังผึ้ง,
30/09/2026,รายจ่าย,ค่าอาหาร,14.00,กรุงไทย,น้ำเปล่า,
30/09/2026,รายจ่าย,ค่าอาหาร,35.00,กรุงไทย,สุกี้น้ำ,
30/09/2026,รายจ่าย,ค่าอาหาร,30.00,กรุงไทย,ผลไม้,
30/09/2026,รายจ่าย,ค่าอาหาร,50.00,กรุงไทย,ไส้กรอก,
30/09/2026,รายจ่าย,ของใช้ในบ้าน/ส่วนตัว,559.00,กรุงไทย,LOTUS,
30/09/2026,รายจ่าย,ค่าอาหาร,130.00,เงินสด,senven,
30/09/2026,รายจ่าย,ค่าอาหาร,27.00,Truemoney,,
01/10/2026,รายจ่าย,รายจ่ายอื่นๆ,300.00,เป่าตัง,หวย N3,
01/10/2026,รายจ่าย,รายจ่ายอื่นๆ,175.00,เป่าตัง,หวย N6,
01/10/2026,รายจ่าย,รายจ่ายอื่นๆ,65.00,กรุงไทย,หวย N6,
01/10/2026,รายจ่าย,ให้/พ่อ/แม่/ลูก,"1,000.00",กรุงไทย,ให้ลูก,
01/10/2026,รายจ่าย,รายจ่ายอื่นๆ,140.00,กรุงไทย,ตัดผม,
01/10/2026,รายจ่าย,ค่าอาหาร,75.60,เป่าตัง,189,
01/10/2026,รายจ่าย,ค่าอาหาร,18.00,เป่าตัง,45,
01/10/2026,รายรับ,ค่าคอมมิชชั่น,"17,982.00",ไทยพาณิชย์,,
01/10/2026,เงินออมและลงทุน,INOVESTX ROBO,"3,000.00",ไทยพาณิชย์,ROBO,
02/10/2026,โอนระหว่างบัญชี,โอนเงิน,500.00,กรุงไทย,,เป่าตัง
02/10/2026,รายจ่าย,ค่าอาหาร,50.00,กรุงไทย,เย็นตาโฟ,
02/10/2026,รายจ่าย,ค่าอาหาร,80.00,กรุงไทย,ลูกชิ้นปลา,
02/10/2026,รายจ่าย,ค่าอาหาร,20.00,เป่าตัง,ข้าวเช้า 50,
02/10/2026,รายจ่าย,ค่าอาหาร,46.00,เป่าตัง,หมูปิ้ง 115,
03/10/2026,รายจ่าย,ค่าอาหาร,55.00,กรุงไทย,ข้าวหมูแดง,
03/10/2026,รายจ่าย,ค่ารักษาพยาบาล,665.00,กรุงไทย,วัคซีน พ่อ,
03/10/2026,รายจ่าย,ค่ารักษาพยาบาล,"1,451.50",กรุงไทย,วัคซีน ยุ้ย,
03/10/2026,รายจ่าย,ค่าอาหาร,68.00,เป่าตัง,ส้มโอ 170,
03/10/2026,รายจ่าย,ค่าอาหาร,26.00,เป่าตัง,ข้าวไก่แซ่บ 65,
03/10/2026,รายจ่าย,ค่ารักษาพยาบาล,"3,205.00",บัตรเครดิตกรุงศรี,ค่ายาลูก,
04/10/2026,รายจ่าย,ให้/พ่อ/แม่/ลูก,500.00,กรุงไทย,ให้ลูก,
04/10/2026,รายจ่าย,ค่าอาหาร,30.00,กรุงไทย,ข้าวเปล่า,
04/10/2026,รายจ่าย,รายจ่ายอื่นๆ,100.00,กรุงไทย,ซ่อมรองเท้าลูก,
05/10/2026,รายจ่าย,ค่าอาหาร,22.00,เป่าตัง,ข้าวเช้า 55,
05/10/2026,รายจ่าย,ค่าอาหาร,42.00,เป่าตัง,ขนมปัง,
05/10/2026,รายรับ,ค่าบ้านเช่า,"4,000.00",ไทยพาณิชย์,บ้านเช่า 16,
05/10/2026,รายจ่าย,ค่าอาหาร,90.00,กรุงไทย,กับข้าวเย็น,
05/10/2026,รายจ่าย,ค่าอาหาร,50.00,กรุงไทย,เล้ง,
05/10/2026,รายจ่าย,ของใช้ในบ้าน/ส่วนตัว,10.00,เป่าตัง,กระดาษรองหม้ออบ 25,
05/10/2026,รายจ่าย,ค่าอาหาร,14.00,เป่าตัง,ข้าวเหนียว 35,
05/10/2026,บิล,จ่ายบัตรเครดิต,"14,320.86",กรุงไทย,จ่ายบัตรเครดิตกรุงศรี,บัตรเครดิตกรุงศรี
05/10/2026,รายจ่าย,ค่าอาหาร,65.00,กรุงไทย,,
06/10/2026,รายจ่าย,ค่าอาหาร,46.00,เป่าตัง,หมูปิ้ง 115,
06/10/2026,รายจ่าย,ค่าอาหาร,22.00,เป่าตัง,ข้าวเช้า 55,
06/10/2026,รายจ่าย,ค่าอาหาร,20.00,เป่าตัง,หมูยอ 50,
06/10/2026,รายรับ,เงินปันผล,675.00,กรุงเทพ,TCAP,
06/10/2026,รายรับ,ค่าบ้านเช่า,"4,000.00",ไทยพาณิชย์,บ้านเช่า 16,
06/10/2026,รายจ่าย,ค่ารักษาพยาบาล,400.00,กรุงไทย,ค่าตรวจหมอนรองกระดูก,
06/10/2026,รายจ่าย,ค่าทางด่วน,30.00,กรุงไทย,M-FLOW,
06/10/2026,รายจ่าย,ให้/พ่อ/แม่/ลูก,"3,000.00",กรุงไทย,ให้ลูก,
07/10/2026,รายจ่าย,ค่าอาหาร,254.00,Truemoney,bellinee,
07/10/2026,รายจ่าย,ค่าอาหาร,40.00,กรุงไทย,น้ำพริกมะขาม,
07/10/2026,รายจ่าย,ค่าอาหาร,60.00,กรุงไทย,สลัด,
07/10/2026,โอนระหว่างบัญชี,โอนเงิน,500.00,กรุงไทย,,เป่าตัง
07/10/2026,รายจ่าย,ค่าอาหาร,49.60,เป่าตัง,ก๋วยเตียวบก 124,
07/10/2026,รายจ่าย,ค่าอาหาร,24.00,เป่าตัง,ข้าวเช้า 60,
08/10/2026,รายจ่าย,รายจ่ายอื่นๆ,400.00,กรุงไทย,ดอกไม้รับปริญญา,
08/10/2026,รายจ่าย,ค่าอาหาร,10.00,กรุงไทย,น้ำเปล่า,
09/10/2026,รายจ่าย,ค่าอาหาร,37.00,กรุงไทย,น้ำใบเตย,
09/10/2026,รายจ่าย,ค่าอาหาร,76.00,กรุงไทย,ก๋วยเตี๋ยวต้มยำ,
09/10/2026,บิล,ค่าไฟ,426.24,กรุงไทย,ค่าไฟคอนโด,
09/10/2026,บิล,ค่าไฟ,26.34,กรุงไทย,ค่าไฟ บ้าน 46/318,
09/10/2026,รายจ่าย,ค่าอาหาร,24.00,เป่าตัง,ข้าวเช้า 60,